Duty_No,Trip_No_in_Duty,Route_No,Trip_Code,Source_Marathi,Source_English,Destination_Marathi,Destination_English,Via_Stops,Distance_KM,Departure_Time,Arrival_Time,Trip_Type,Frequency,Rest_Remark,Duty_Total_KM,Spread_Over,Steering_Duty,Remark,School_Trip,Old_Route_No,Excel_Row_Ref
1,1,10756,66151,देवगड,Devgad,तांबळडेग दक्षिणवाडी,Tambaldeg Dakshinwadi,"दाभोळे,दहिबांव,मिठबांव",28.6,12:15,13:15,SCL,DAILY,,155.5,6h 55m,5h 50m,शालेय,SCHOOL,128600,3
1,2,29856,66152,तांबळडेग दक्षिणवाडी,Tambaldeg Dakshinwadi,देवगड,Devgad,"मिठबाव,दहिबाव,दाभोळे",28.6,13:25,14:25,OBL,DAILY,विश्रांती 14.25-15.30,,,,शालेय,SCHOOL,125441,4
1,3,29929,66153,देवगड,Devgad,मालवण,Malvan,"नांदगाव,कणकवली,कसाल,कट्टा",98.3,15:30,18:30,SCL,DAILY,,,,,बंधनकारक,,125458,5
2,1,11018,66154,मालवण,Malvan,देवगड,Devgad,"कट्टा,कसाळ,कणकवली नांदगाव",98.3,05:45,08:50,SCL,DAILY,,136.5,5h 35m,5h 05m,शालेय,SCHOOL,125465,7
2,2,10721,66155,देवगड,Devgad,कुणकेश्वर,Kunkeshwar,"इळयेसडा,मिठमुंबरी",19.1,09:20,10:00,SCL,DAILY,6 तासांत ड्युटी संपते,,,,शालेय,,128539,8
2,3,29827,66156,कुणकेश्वर,Kunkeshwar,देवगड,Devgad,मिठमुंबरी इळयेसडा,19.1,10:10,10:50,OBL,DAILY,,,,,शालेय,,125478,9
3,1,151195,66157,देवगड,Devgad,भगवंतगड,Bhagwantgad,"इळयेसडा  कुणकेश्वर,मिठबांव,हिंदळे,मुणगे",51.2,11:45,13:30,SCL,SAT-SUN,विश्रांती 13.30-14.00,180.4,7h 50m,7h 15m,शालेय,,125483,11
3,2,125486,66158,भगवंतगड,Bhagwantgad,देवगड,Devgad,"आचरा,मशवी,मुणगे,हिंदळे,नारिंग्रे,दाभोळे",42.2,14:00,15:30,SCL,SAT-SUN,,,,,बंधनकारक,,125486,12
3,,,66159,देवगड,Devgad,आचरा,Achara,,39,,,,only Sat- Sun opt,,,,,,,,13
3,,,66160,आचरा,Achara,देवगड,Devgad,,33.2,,,,only Sat- Sun opt,,,,,,,,14
3,3,10722,66161,देवगड,Devgad,कुडाळ,Kudal,"नांदगाव,फोंडा",72,15:45,18:15,OPT,DAILY,,,,,बंधनकारक,,125490,15
3,4,19819,66162,कुडाळ,Kudal,फोंडा,Fonda,(बांडकवाडी येथे राहण्याची सोय नसल्याने फोंडा येथे),15,18:25,18:55,SCL,DAILY,,,,,बंधनकारक,,125988,16
4,1,84432,66163,फोंडा,Fonda,बांडकवाडी,Bandakwadi,घोणसरी,9,05:55,06:15,OBL,SAT-SUN,विश्रांती 09.00-09.45,141,8h 30m,,बंधनकारक,,125493,18
4,2,19190,66164,बांडकवाडी,Bandakwadi,फोंडा,Fonda,"फोंडा,नांदगाव",9,06:40,07:00,SCL,SAT-SUN,,,,,बंधनकारक,SCHOOL,125495,19
4,3,51982,66165,फोंडा,Fonda,देवगड,Devgad,,53,08:00,09:30,SCL,DAILY,,,,,,,,20
4,4,10766,66166,देवगड,Devgad,विरवाडी,Virwadi,जामसंडे,10,09:45,10:05,OBL,DAILY,,,,,शालेय,,125497,21
4,5,29865,66167,विरवाडी,Virwadi,देवगड,Devgad,"कावलेवाडी,जामसंडे",12,10:15,10:45,OBL,DAILY,,,,,शालेय,,125498,22
4,6,10762,66168,देवगड,Devgad,तेलीवाडी,Teliwadi,"तळेबाजार,बागतळवडे",24,11:45,12:45,SCL,DAILY,,,,,बंधनकारक,SCHOOL,125829,23
4,7,29862,66169,तेलीवाडी,Teliwadi,देवगड,Devgad,"तळेबाजार,बागतळवडे",24,12:55,13:55,OBL,DAILY,,,,,बंधनकारक,SCHOOL,125830,24
5,1,125503,66170,शिरगांव,Shirgaon,महालुंगे,Mahalunge,"ओबळ,भोळेवाडी,नाद",31.8,12:30,13:35,SCL,DAILY,विश्रांती 14.50-15.30,149.3,7h 35m,5h 45m,शालेय,SCHOOL,125503,29
5,2,1125506,66171,महालुंगे,Mahalunge,शिरगांव,Shirgaon,"नाद,ओंबळ",31.8,13:45,14:50,OBL,DAILY,,,,,शालेय,,125506,30
5,3,125511,66172,शिरगांव,Shirgaon,आयनल,Aaynal,"साळशी,चाफेड",16.9,15:30,16:05,SCL,DAILY,,,,,शालेय,SCHOOL,125511,31
5,4,125514,66173,आयनल,Aaynal,शिरगांव,Shirgaon,"साळशी,चाफेड",16.9,16:15,16:50,OBL,DAILY,,,,,शालेय,,125514,32
5,,11222,,शिरगांव,Shirgaon,वळीवंडे,Valivande,,6.1,16:55,17:05,,,,,,,,,,33
5,,29947,,वळीवंडे,Valivande,शिरगांव,Shirgaon,,6.1,17:15,17:25,,,,,,,,,,34
5,5,125517,66174,शिरगांव,Shirgaon,तोरसोळे,Torsole,राणेवाडी,7.7,17:30,17:45,SCL,DAILY,,,,,शालेय,SCHOOL,125517,35
5,6,125519,66175,तोरसोळे,Torsole,शिरगांव,Shirgaon,राणेवाडी,7.7,17:55,18:10,OBL,DAILY,,,,,शालेय,,125519,36
5,7,128547,66176,शिरगांव,Shirgaon,आयनल,Aaynal,"चौकेवाडी,साळशी,चाफेड",24.3,18:40,19:40,OBL,DAILY,,,,,बंधनकारक,,128547,37
6,1,125520,66177,आयनल,Aaynal,देवगड,Devgad,"भोगलेवाडी, साळशी, चौकेवाडी",48.3,05:45,07:20,OPT,DAILY,6 तासांत ड्युटी संपते,137.60000000000002,5h 45m,5h 45m,शालेय,SCHOOL,125520,39
6,2,10700,66178,देवगड,Devgad,दाभोळे,Dabhole,जामसंडे,10.7,07:30,07:50,OBL,DAILY,,,,,शालेय,,125754,40
6,3,28701,66179,दाभोळे,Dabhole,देवगड,Devgad,जामसंडे,10.7,08:00,08:20,SCL,DAILY,,,,,शालेय,SCHOOL,125755,41
6,4,125963,66180,देवगड,Devgad,नवानगर,Navanagar,"पडेलगाव,तिलोट",32.1,08:30,09:35,OBL- TPL,DAILY,,,,,शालेय/टपाल,SCHOOL,125963,42
6,5,125964,66181,नवानगर,Navanagar,देवगड,Devgad,"ठाकूरवाडी,मोहूळ,पडेल",35.8,09:45,11:05,SCL-TPL,DAILY,,,,,शालेय/टपाल,SCHOOL,125964,43
7,3,125542,66182,देवगड,Devgad,वुवळे,Vuvale,"साळशी,शिरगांव",33.9,12:15,13:30,OPT-SCL,DAILY,,120.69999999999999,8h 30m,6h 00m,ऑपरेशनल,,125542,45
7,4,60942,66183,वुवळे,Vuvale,शिरगांव,Shirgaon,"साळशी,चाफेड",28.7,13:40,14:40,OBL,DAILY,,,,,शालेय,,125549,46
7,5,11212,66184,शिरगांव,Shirgaon,चौकेवाडी,Choukewadi,,4.5,16:30,16:40,SC,DAILY,,,,,शालेय,SCHOOL,12212,47
7,6,29935,66185,चौकेवाडी,Choukewadi,शिरगांव,Shirgaon,,4.5,16:45,16:55,OBL,DAILY,,,,,शालेय,,29935,48
7,7,11219,66186,शिरगांव,Shirgaon,पाडाघर,Padaghar,दुसनवाडी,7.1,17:00,17:15,SC,DAILY,,,,,शालेय,SCHOOL,11219,49
7,8,29941,66187,पाडाघर,Padaghar,शिरगांव,Shirgaon,,5.1,17:20,17:30,OBL,DAILY,,,,,शालेय,,29941,50
7,9,11211,66188,शिरगांव,Shirgaon,भोळेवाडी,Bholewadi,ओंबळ,11.2,17:45,18:15,SC,DAILY,,,,,शालेय,SCHOOL,11211,51
7,10,60935,66189,भोळेवाडी,Bholewadi,शिरगांव,Shirgaon,ओंबळ,11.2,18:25,18:55,SC,DAILY,,,,,शालेय,,60935,52
7,11,11220,66190,शिरगांव,Shirgaon,रेंबवली,Rembavali,"साळशी,चाफेड",14.5,19:30,20:05,OBL,DAILY,विश्रांती 14.40-16.30,,,,बंधनकारक,,125554,53
8,1,60936,66191,रेंबवली,Rembavali,भोळेवाडी,Bholewadi,"वुवळे,साळशी,शिरगाव,ओंबळ",27.3,05:50,06:50,SC,DAILY,विश्रांती 08.45-09.15,162.1,9h 15m,6h 55m,शालेय,SCHOOL,125831,56
8,2,60935,66192,भोळेवाडी,Bholewadi,शिरगांव,Shirgaon,"साळशी,चाफेड",11.2,07:00,07:25,OBL,DAILY,,,,,शालेय,SCHOOL,60935,57
8,3,125511,66193,शिरगांव,Shirgaon,आयनल,Aaynal,साळशी हायस्कुल,14.9,07:30,08:00,SC,DAILY,,,,,शालेय,,128540,58
8,4,125514,66194,आयनल,Aaynal,शिरगांव,Shirgaon,साळशी हायस्कुल,14.9,08:15,08:45,OBL,DAILY,,,,,शालेय,SCHOOL,128544,59
8,5,11212,66195,शिरगांव,Shirgaon,चौकेवाडी,Choukewadi,,4.5,09:15,09:25,SC,DAILY,,,,,शालेय,,12212,60
8,6,29935,66196,चौकेवाडी,Choukewadi,शिरगांव,Shirgaon,,4.5,09:35,09:45,OBL,DAILY,,,,,शालेय,SCHOOL,29935,61
8,7,125571,66197,शिरगांव,Shirgaon,आयनल पिपळवाडी,Aaynal Pimpalwadi,साळशी,15,10:00,10:30,OBL,DAILY,,,,,बंधनकारक,,125571,62
8,8,125572,66198,आयनल पिपळवाडी,Aaynal Pimpalwadi,शिरगांव,Shirgaon,साळशी,15,10:40,11:10,SC,DAILY,,,,,शालेय,,125572,63
8,9,11220,66199,शिरगांव,Shirgaon,रेंबवली,Rembavali,"साळशी,वुवळे",15,12:20,13:05,SC,DAILY,,,,,शालेय,SCHOOL,125554,64
8,10,76454,66200,रेंबवली,Rembavali,देवगड,Devgad,"वुवळे,साळशी,शिरगाव",39.8,13:15,14:40,OPT,DAILY,,,,,बंधनकारक,,125574,65
9,1,10728,66201,देवगड,Devgad,मिठबांव,Mithbav,"dabhole कुणकेश्वर,कातवण, मिठमुंबरी",27.6,12:45,13:55,SC,SAT-SUN,विश्रांती 15.05-16.00,180,8h 15m,7h 20m,शालेय,SCHOOL,125913,67
9,2,79019,66202,मिठबांव,Mithbav,देवगड,Devgad,"कुणकेश्वर, मिठमुंबरी",27.6,14:05,15:05,SC,SAT-SUN,,,,,शालेय,,125649,68
9,3,149035,66203,देवगड,Devgad,वानिवडे ग्रा.पं.,Wanivade Gram Panchayat,"विरवाडी,मोंड हायस्कूल, (वानिवडे विस्तारित दि. 01.07.22 पासून)",29.8,16:00,17:00,SC,SAT-SUN,,,,,शालेय,,149035,69
9,4,149042,66204,वानिवडे ग्रा.पं.,Wanivade Gram Panchayat,देवगड,Devgad,"मोंड हायस्कूल,झरकरवाडी,विरवाडी(वानिवडे विस्तारित दि. 01.07.22 पासून)",41,17:05,18:25,SC,SAT-SUN,,,,,शालेय,,149042,70
9,5,1110748,66205,देवगड,Devgad,वागदेवाडी,Wagdewadi,"दाभोळे,दहिबाव नारिंग्रे,हिंदळे,मुणगे,पोयरे आचरा,खुडी 18.10,ऐवजी 18.40",54,18:30,20:20,SC,SAT,,,,,बंधनकारक,,125615,71
10,1,125616,66206,वागदेवाडी,Wagdewadi,देवगड,Devgad,"आचरा,पोयरे,दहिबाव,पाटथर विश्रांती",54,05:40,07:40,SC,SUN,विश्रांती 07.45-08.40,138.4,5h 50m,5h 50m,शालेय,SCHOOL,125616,73
10,2,1110724,66207,देवगड,Devgad,लिंगडाळगाव,Lingdalgaon,"कालवी हनुमान मंदिर, टेंबवली, तळेबाजार, वरेरी",33,07:50,08:55,SC,SAT-SUN,,,,,,,125814,74
10,3,1129831,66208,लिंगडाळगाव,Lingdalgaon,देवगड,Devgad,"वरेरी, तळेबाजार, टेंबवली, कालवी",30,9..05,10:05,SC,SAT-SUN,,,,,,SCHOOL,125815,75
10,1,10700,66209,देवगड,Devgad,दाभोळे,Dabhole,जामसंडे,10.7,10:15,10:35,SC,SAT-SUN,,,,,,,125754,76
10,2,28701,66210,दाभोळे,Dabhole,देवगड,Devgad,जामसंडे,10.7,10:45,11:05,SC,SAT-SUN,,,,,,SCHOOL,125755,77
11,1,125626,66211,देवगड,Devgad,आचरा,Achara,"दहिबाव,जांभळीचे साने,हिंदळे,मुणगे",39,13:30,14:55,SC,DAILY,विश्रांती 16.05 ते 17.00,155,7h 40m,6h 15m,शालेय,SCHOOL,125626,82
11,2,125630,66212,आचरा,Achara,देवगड,Devgad,"दहिबाव जांभळीचे साने, पाटथर",30,15:05,16:05,OBL,DAILY,,,,,शालेय,SCHOOL,125630,83
11,3,75439,66213,देवगड,Devgad,डोबवाडी,Dobwadi,"किंजवडे,कामते",30,17:00,18:00,SC,SAT-SUN,,,,,शालेय,,75439,84
11,4,75440,66214,डोबवाडी,Dobwadi,देवगड,Devgad,"कामते,तेलीवाडी,किंजवडे",32,18:10,19:15,OBL,SAT-SUN,,,,,शालेय,,75440,85
11,5,1279018,66215,देवगड,Devgad,कातवण,Katvan,"इळयेसडा मिठमुंबरी,कुणकेश्वर",24,19:45,20:30,OBL,DAILY,,,,,बंधनकारक,,125587,86
12,1,1279019,66216,कातवण,Katvan,देवगड,Devgad,"कुणकेश्वर,मिठमुंबरी इळयेसडा",24,06:10,07:00,SC,DAILY,6 तासांत ड्युटी संपते,156.2,6h 25m,6h 25m,शालेय,SCHOOL,125638,88
12,2,10728,66217,देवगड,Devgad,मिठबाव,Mithbav,"मिठमुंबरी, कुणकेश्वर",27.6,07:10,08:10,SC,DAILY,,,,,शालेय,,125648,89
12,3,29834,66218,मिठबाव,Mithbav,देवगड,Devgad,"कुणकेश्वर, मिठमुंबरी",27.6,08:20,09:20,SC,DAILY,,,,,शालेय,,125649,90
12,4,10758,66219,देवगड,Devgad,तांबळडेग दक्षिणवाडी,Tambaldeg Dakshinwadi,"तळेबाझार, लिंगडाळतिठा, गजबादेवी",39,09:30,10:45,SC,DAILY,,,,,शालेय,SCHOOL,125651,91
12,5,29858,66220,तांबळडेग दक्षिणवाडी,Tambaldeg Dakshinwadi,देवगड,Devgad,"लिंगडाळतिठा, तळेबाझार",38,10:55,12:10,SC,DAILY,,,,,शालेय,SCHOOL,125652,92
13,1,29932,66221,देवगड,Devgad,सावंतवाडी,Sawantwadi,"नांदगाव तिठा,कणकवली, ओरोस विश्रांती",112.4,08:00,11:25,NON,DAILY,विश्रांती 11.25 ते 13.15,221.8,9h 15m,7h 25m,इतर,,125655,94
13,2,11364,66222,सावंतवाडी,Sawantwadi,देवगड,Devgad,"कुडाळ, कणकवली ,नांदगाव तिठा",109.4,13:15,16:30,NON,DAILY,,,,,इतर,,125658,95
14,1,10742,66223,देवगड,Devgad,निरोम,Nirom,किंजवडे,38,12:30,13:50,SC,DAILY,,164.1,7h 15m,6h 45m,शालेय,,125739,97
14,2,29844,66224,निरोम,Nirom,देवगड,Devgad,आरेफाटा,30.6,14:00,15:00,SC,DAILY,,,,,शालेय,SCHOOL,125740,98
14,3,10738,66225,देवगड,Devgad,नरसाळेवाडी,Narsalewadi,"शिरगाव, ओंबळ, नाद, उंडील",57.1,15:10,17:10,OPT-SC,DAILY,,,,,बंधनकारक,,125699,99
14,4,63461,66226,नरसाळेवाडी,Narsalewadi,तरळे,Tarle,उंडीलवड  विश्रांती,23.4,17:20,18:05,OBL,DAILY,,,,,शालेय,,125704,100
14,5,11227,66227,तरळे,Tarle,खारेपाटण,Kharepatan,"साळिस्ते, वारगाव",15,18:35,19:05,OBL,DAILY,विश्रांती 18.05 ते 18.35,,,,शालेय,,125711,101
15,1,10910,66228,खारेपाटण,Kharepatan,मणचे,Manche,"पोंभुर्ले, मालपे",23.4,06:20,07:20,OBL,DAILY,,169.2,7h 45m,7h 15m,शालेय,,125713,103
15,2,19823,66229,मणचे,Manche,खारेपाटण,Kharepatan,"मालपे,पोंभुर्ले",23.4,07:30,08:30,SC,DAILY,,,,,शालेय,SCHOOL,125714,104
15,3,61226,66230,खारेपाटण,Kharepatan,तरळे,Tarle,रानडेदुकान,21,08:40,09:25,SC,DAILY,,,,,शालेय,,125718,105
15,4,11233,66231,तरळे,Tarle,नरसाळेवाडी,Narsalewadi,"कासार्डे, दारोम, उन्डीलतिठा",20.5,09:35,10:15,SC,DAILY,,,,,शालेय,,136055,106
15,5,51898,66232,नरसाळेवाडी,Narsalewadi,तरळे,Tarle,"उन्डीलतिठा, दारोम",20.5,10:25,11:05,SD,DAILY,,,,,शालेय,SCHOOL,136056,107
15,6,150152,66233,तरळे,Tarle,देवगड,Devgad,"वाघाचीवाडी, उन्डीलतिठा, नाद, ओंबळ,तोरसोळे(,किंजवडे -बंद 7.5 कमी)",60.4,11:35,13:35,OPT,DAILY,विश्रांती 11.05 ते 11.35,,,,बंधनकारक,,150152,108
16,1,125735,66234,देवगड,Devgad,कणकवली,Kankavali,"दाभोळे,दहिबाव,हिंदळे,पोयरे,आचरा,रामगड",79.2,09:30,12:15,OBL,DAILY,,195.90000000000003,10h 10m,7h 40m,बंधनकारक,,125735,109
16,2,125736,66235,कणकवली,Kankavali,देवगड,Devgad,"रामगड,आचरा,पोयरे,हिंदळे,नारिंग्रे,दहिबाव,दाभोळे",81.9,14:45,17:40,OBL,DAILY,विश्रांती 12.15 ते 14.45,,,,बंधनकारक,,125736,110
16,3,10726,66236,देवगड,Devgad,मिठबांव,Mithbav,कट्टा शाळा दहिबाव,34.8,17:50,19:00,OBL,DAILY,,,,,बंधनकारक,,125723,111
17,1,146065,66237,मिठबांव,Mithbav,देवगड,Devgad,"किंजवडे, लिंगडाळतिठा",48,06:00,07:45,SC,DAILY,6 तासांत ड्युटी संपते,134.8,5h 35m,5h 30m,शालेय,SCHOOL,125731,113
17,2,10749,66238,देवगड,Devgad,रेंबवली,Rembavali,"वळीवंडेगांव, शिरगाव, कुवळे",40.4,08:00,09:20,OBL,DAILY,,,,,शालेय/टपाल,SCHOOL,125737,114
17,3,29849,66239,रेंबवली,Rembavali,देवगड,Devgad,"कुवळे, शिरगाव, वळीवंडेगांव चांदोषी",46.4,09:30,11:10,SC,DAILY,,,,,शालेय/टपाल,,125738,115
18,1,125751,66240,देवगड,Devgad,मोर्वे,Morve,"पाटथर, कुपलवाडी, नारीन्ग्रे",27.6,12:00,13:00,SC,DAILY,विश्रांती 14.10 ते 16.15,170.7,8h 55m,6h 50m,,SCHOOL,125751,117
18,2,125752,66241,मोर्वे,Morve,देवगड,Devgad,"नारीन्ग्रे, कुपलवाडी, पाटथर",27.6,13:10,14:10,OBL,DAILY,,,,,,,125752,118
18,3,125439,66242,देवगड,Devgad,तांबळडेग दक्षिणवाडी,Tambaldeg Dakshinwadi,"दाभोळे, मिठबाव, गजबादेवी",29.6,16:15,17:15,SC,DAILY,,,,,,SCHOOL,128600,119
18,4,128603,66243,तांबळडेग दक्षिणवाडी,Tambaldeg Dakshinwadi,देवगड,Devgad,"मिठबाव, धनगरवाडी, दहिबाव",32.6,17:25,18:35,SC,DAILY,,,,,,,128603,120
18,5,19174,66244,देवगड,Devgad,कणकवली,Kankavali,नांदगाव,53.3,18:45,20:15,OPT,DAILY,,,,,इतर,,125745,121
19,1,125749,66245,कणकवली,Kankavali,बिडवाडी,Bidwadi,,10,05:55,06:15,OBL,DAILY,,131.3,7h 15m,6h 40m,,,,123
19,2,125750,66246,बिडवाडी,Bidwadi,कणकवली,Kankavali,,10,06:25,06:45,SC,DAILY,,,,,,,,124
19,3,125746,66247,कणकवली,Kankavali,देवगड,Devgad,नांदगाव,53.3,07:00,08:30,SC,DAILY,विश्रांती 11.00 ते 11.30,,,,शालेय,,125746,125
19,4,52016,66248,देवगड,Devgad,पाटथर,Patthar,खाकशी,10,08:45,09:15,OBL,DAILY,,,,,शालेय,SCHOOL,125747,126
19,5,52017,66249,पाटथर,Patthar,देवगड,Devgad,खाकशी,10,09:25,09:55,SC,DAILY,,,,,शालेय,,125748,127
19,6,149057,66250,देवगड,Devgad,मोंड हायस्कूल,Mond Highschool,विरवाडी anbhavanewadi,22,10:05,11:00,OBL,DAILY,,,,,शालेय,,149057,128
19,7,149060,66251,मोंड हायस्कूल,Mond Highschool,देवगड,Devgad,विरवाडी,16,11:30,12:10,SC,DAILY,,,,,शालेय,,149060,129
20,1,125965,66252,देवगड,Devgad,वानिवडे ग्रा.पं.,Wanivade Gram Panchayat,,25,13:15,14:05,SC,SAT-SUN,,125.39999999999999,6h 05m,5h 50m,,,125965,131
20,2,149179,66253,वानिवडे ग्रा.पं.,Wanivade Gram Panchayat,देवगड,Devgad,,25,14:15,15:05,OBL,SAT-SUN,,,,,,,149179,132
20,3,60831,66254,देवगड,Devgad,कातवण,Katvan,"मिठमुंबरी, कुणकेश्वर",21.8,15:30,16:20,SC,DAILY,,,,,शालेय,SCHOOL,125743,133
20,4,61543,66255,कातवण,Katvan,देवगड,Devgad,"कुणकेश्वर, मिठमुंबरी",21.8,16:30,17:20,SC,DAILY,,,,,शालेय,,125744,134
20,5,125741,66256,देवगड,Devgad,निरोम,Nirom,"आरेफाटा, आरे",31.8,17:30,18:40,OBL,DAILY,,,,,बंधनकारक,,125741,135
21,1,127315,66257,निरोम,Nirom,देवगड,Devgad,"आरे, आरेफाटा, कटटाभंडारवाडी",33.8,06:45,08:00,SC,DAILY,6 तासांत ड्युटी संपते,135.3,5h 50m,5h 20m,शालेय,SCHOOL,127315,136
21,2,29923,66258,देवगड,Devgad,कणकवली,Kankavali,"तोरसोळे, आरे, बुधवळे, सांडवे",53.2,08:10,10:00,SC,DAILY,,,,,शालेय/टपाल,,125909,137
21,3,10826,66259,कणकवली,Kankavali,देवगड,Devgad,sandave aare torsole,48.3,10:30,12:10,SC,DAILY,,,,,शालेय/टपाल,,125910,138
22,1,10729,66260,देवगड,Devgad,मोर्वे,Morve,"मिठमुंबरी कुणकेश्वर, कातवण, मिठबाव",38,08:00,09:30,OBL-TPL,DAILY,विश्रांती 11.00 ते 13.45,174.4,11h 20m,6h 30m,शालेय/टपाल,SCHOOL,128559,140
22,2,29840,66261,मोर्वे,Morve,देवगड,Devgad,"हिंदळे, मिठबाव, दाभोळे",31,09:40,11:00,SCL-TPL,DAILY,,,,,शालेय/टपाल,SCHOOL,125975,141
22,3,60831,66262,देवगड,Devgad,कातवण,Katvan,मिठमुंबरी,24,13:45,14:35,SCL,DAILY,,,,,शालेय,SCHOOL,125587,142
22,4,61543,66263,कातवण,Katvan,देवगड,Devgad,मिठमुंबरी,24,14:45,15:35,OBL,DAILY,,,,,शालेय,,125588,143
22,5,152533,66264,देवगड,Devgad,मुणगे मोर्वे,Munage Morve,"पाटथर, हिंदळे,(आडबंदर बंद केल्याने 6 किमी कमी), पोयरे, आचरा",57.4,16:40,18:40,OBL,DAILY,,,,,बंधनकारक,,122533,144
23,1,152534,66265,मोर्वे मुणगे,Morve Munage,मालवण,Malvan,"(आडबंदर बंद केल्याने 6 किमी कमी हडी, कांदळगाव",39,05:45,07:05,SC,DAILY,,125.49999999999999,5h 40m,5h 15m,,,125923,146
23,2,125931,66266,मालवण,Malvan,देवगड,Devgad,"आचरा, पोयरे, गादववाडी, (आडबंदर बंद केल्याने 6 किमी कमी, लिंगडाळगाव, वरेरी",73.3,07:30,10:00,SC-TPL,DAILY,6 तासांत ड्युटी संपते,,,,बंधनकारक,,125931,147
23,3,10707,66267,देवगड,Devgad,कट्टा,Katta,जामसंडे,6.6,10:20,10:35,SC,SAT-SUN,,,,,,,126377,148
23,4,29815,66268,कट्टा,Katta,देवगड,Devgad,जामसंडे,6.6,10:45,11:00,SC,SAT-SUN,,,,,,SCHOOL,126378,149
24,1,125754,66269,देवगड,Devgad,गणेशनगर,Ganeshnagar,दाभोळे(गणेशनगर पर्यंत विस्तारित केल्याने 1.5 किमी वाढ),12.2,13:10,13:40,SC,SAT-SUN,,156.8,7h 20m,6h 50m,शालेय,,125754,151
24,2,125755,66270,गणेशनगर,Ganeshnagar,देवगड,Devgad,दाभोळे(गणेशनगर पर्यंत विस्तारित केल्याने 1.5 किमी वाढ),12.2,13:50,14:20,OBL,SAT-SUN,,,,,शालेय,,125755,152
24,3,19174,66271,देवगड,Devgad,कणकवली,Kankavali,"शिरगाव, नांदगाव",53.3,14:30,16:00,NON,DAILY,,,,,इतर,,125745,153
24,4,125746,66272,कणकवली,Kankavali,देवगड,Devgad,"नांदगाव, शिरगाव",53.3,16:25,17:55,NON,DAILY,,,,,इतर,,125746,154
24,5,10755,66273,देवगड,Devgad,तळेबाजार,Talebazar,"कालवी,हनुमान मंदिर टेंबवली, ताम्हाणेतर ,",25.8,18:10,19:00,OBL,SAT,6 तासांत ड्युटी संपते,,,,शालेय,,125810,155
25,1,29854,66274,तळेबाजार,Talebazar,देवगड,Devgad,"ताम्हणेतर, तेलीवाडी, टेंबवली, कालवी",31.7,05:45,07:00,SC,SUN-MON,6 तासांत ड्युटी संपते,138.3,6h 40m,4h 50m,,SCHOOL,125813,157
25,2,19174,66275,देवगड,Devgad,कणकवली,Kankavali,नांदगाव तिठा,53.3,08:40,10:10,NON,DAILY,,,,,इतर,,125745,158
25,3,125746,66276,कणकवली,Kankavali,देवगड,Devgad,नांदगाव तिठा,53.3,10:30,12:00,NON,DAILY,,,,,इतर,,125746,159
25,,,66277,तळेबाजार,Talebazar,देवगड,Devgad,,25.8,19:10,20:00,NON,ONLY FRIDAY,,,,,,,,160
25,,,66278,देवगड,Devgad,तळेबाजार,Talebazar,,25.8,18:00,19:00,NON,SUN OPT ,,,,,,,,161
26,1,125855,66279,देवगड,Devgad,शिरगांव,Shirgaon,"लिंगडाळतिठा, तेलीवाडी, किंजवडे,पारवळ, तोरसोळे",39,06:30,07:50,OPT,DAILY,6 तासांत ड्युटी संपते,124.4,12h 00m,5h 30m,ऑपरेशनल,,125855,163
26,2,11219,66280,शिरगांव,Shirgaon,पाडगाव,Padgaon,दुसनवाडी,7.1,08:50,09:05,OBL,DAILY,,,,,शालेय,,11219,164
26,3,29941,66281,पाडगाव,Padgaon,शिरगांव,Shirgaon,,5.1,09:15,09:25,SC,DAILY,,,,,शालेय,SCHOOL,29941,165
26,4,11367,66282,शिरगांव,Shirgaon,शेवरे,Shevare,3.0 किमी फक्त बुधवार करिता,6,,,BAZAR,WED,,,,,शालेय,,11367,166
26,5,51997,66283,शेवरे,Shevare,शिरगांव,Shirgaon,3.0 किमी फक्त बुधवार करिता,6,,,BAZAR,WED,,,,,शालेय,,51957,167
26,6,11211,66284,शिरगांव,Shirgaon,भोळेवाडी,Bholewadi,"ओंबळ, नाद",11.2,09:30,09:55,OBL,DAILY,,,,,शालेय,,11211,168
26,7,60935,66285,भोळेवाडी,Bholewadi,शिरगांव,Shirgaon,"नाद, ओंबळ",11.2,10:05,10:30,SC,DAILY,,,,,शालेय,,60935,169
26,8,11212,66286,शिरगांव,Shirgaon,चौकेवाडी,Choukewadi,,4.5,11:15,11:25,SC,DAILY,,,,,,,11212,170
26,9,29935,66287,चौकेवाडी,Choukewadi,शिरगांव,Shirgaon,,4.5,11:35,11:45,OBL,DAILY,,,,,,,29935,171
26,10,,66288,शिरगांव,Shirgaon,पाडगाव,Padgaon,7.1 किमी फक्त बुधवार करिता,7.1,,,BAZAR,WED,,,,,शालेय,,11219,172
26,11,,66289,पाडगाव,Padgaon,शिरगांव,Shirgaon,5.1 किमी फक्त बुधवार करिता,5.1,,,BAZAR,WED,,,,,शालेय,,29942,173
26,12,10748,66290,देवगड,Devgad,खुडी पोयरे,Khudi Poyare,"कामते, वागदेवाडी, पन्हाळेवाडी",41.8,16:25,17:55,OBL,DAILY,,,,,शालेय,,125843,174
27,1,29848,66291,पोयरे खुडी,Poyare Khudi,देवगड,Devgad,"खुडी, वागदेवाडी, कामते",37.2,05:50,07:20,OPT,DAILY,विश्रांती 10.55 ते 12.00,153.6,8h 10m,6h 55m,शालेय,SCHOOL,125844,176
27,2,10716,66292,देवगड,Devgad,खुडीपाट,Khudipat,"नारीन्ग्रे, कामते, दाभलवाडी, वागदेवाडी",32.7,07:40,09:00,OBL,DAILY,,,,,शालेय,,125848,177
27,3,29824,66293,खुडीपाट,Khudipat,देवगड,Devgad,"पन्हाळेवाडी, वागदेवाडी, कामते",41.8,09:10,10:55,SC,DAILY,,,,,शालेय,,126334,178
27,4,10746,66294,देवगड,Devgad,पालये,Palye,"कावलेवाडी, फणसे, पडवणे",24,12:00,12:50,SC,DAILY,,,,,शालेय,SCHOOL,125619,179
27,5,29846,66295,पालये,Palye,देवगड,Devgad,"पडवणे, कावलेवाडी",17.9,13:00,13:35,OBL,DAILY,,,,,शालेय,,125624,180
28,1,125859,66296,देवगड,Devgad,वेंगुर्ले,Vengurla,"वाघेरी, फोंडा, मोहूळ, कनेडी  विश्रांती",85.1,06:10,09:35,SC-TPL,DAILY,,165.2,8h 30m,8h 00m,TAPAL,,125859,182
28,2,125868,66297,वेंगुर्ले,Vengurla,देवगड,Devgad,"कनेडी, फोंडा, वाघेरी ,देवगड बंदर(शनिवार रविवार बंदर नाही)",80.1,10:05,13:55,SC-TPL,DAILY,विश्रांती 9.35 ते 10.05,,,,TAPAL,,125868,183
29,1,125877,66298,देवगड,Devgad,आचरा,Achara,"लिंगडाळगाव, किंजवडे, खुडी, पोयरे",51,11:30,13:15,SC,DAILY,,179,8h 05m,6h 30m,शालेय,,125877,185
29,2,125878,66299,आचरा,Achara,देवगड,Devgad,"पोयरे, खुडी, किंजवडे, लिंगडाळगाव",51,13:30,15:15,SC,DAILY,विश्रांती 15.15 ते 16.45,,,,शालेय,SCHOOL,125878,186
29,3,125881,66300,देवगड,Devgad,कुणकवण,Kunkawan,"नाडण, मोंड, गोवळ, उन्डीलतिठा, तरळे(धरणाचे काम पूर्ण झाल्याने 14 किमी वाढ)",77,16:45,18:55,SC,DAILY,,,,,बंधनकारक,,125881,187
30,1,125890,66301,कुणकवण,Kunkawan,खारेपाटण,Kharepatan,"देऊळवाडी, कुणकवणशाळा (धरणाचे काम पूर्ण झाल्याने 21 किमी घट)",9,05:45,06:45,SC,DAILY,6 तासांत ड्युटी संपते,143.4,6h 45m,5h 45m,शालेय,,125890,189
30,2,125898,66302,खारेपाटण,Kharepatan,देवगड,Devgad,"उन्डीलवड, गोवळ, मोंड, नाडण (धरणाचे काम पूर्ण झाल्याने 12 किमी वाढ)",81,06:55,09:15,OPT-SC,DAILY,,,,,शालेय,,125898,190
30,3,10753,66303,देवगड,Devgad,तळेबाजार,Talebazar,"हनुमान मंदिर टेंबवली, बागतळवडे",26.7,10:15,11:05,NON-TPL,DAILY,,,,,TAPAL,,128558,191
30,4,29851,66304,तळेबाजार,Talebazar,देवगड,Devgad,"हनुमान मंदिरबागतळवडे, टेंबवली",26.7,11:15,12:05,NON-TPL,DAILY,,,,,TAPAL,SCHOOL,125812,192
31,1,10746,66305,देवगड,Devgad,पालये,Palye,"फणसे, पडवणे,",24,08:15,09:05,OBL,DAILY,,143.9,10h 45m,6h 25m,शालेय,,125619,193
31,2,29846,66306,पालये,Palye,देवगड,Devgad,पडवणे,17.9,09:15,09:55,SC,DAILY,विश्रांती 9.55 ते 13.30,,,,शालेय,SCHOOL,125624,194
31,3,10758,66307,देवगड,Devgad,तांबळडेग दक्षिणवाडी,Tambaldeg Dakshinwadi,"कट्टाशाळा, तळेबाजार, लिंगडाळगाव",40,13:30,15:00,SC,DAILY,,,,,शालेय,SCHOOL,125903,195
31,4,29858,66308,तांबळडेग दक्षिणवाडी,Tambaldeg Dakshinwadi,देवगड,Devgad,"लिंगडाळगाव, तळेबाजार",38,15:10,16:35,OBL,DAILY,,,,,शालेय,SCHOOL,125905,196
31,5,10746,66309,देवगड,Devgad,पालये,Palye,"फणसे, पडवणे",24,17:30,18:20,SC,DAILY,,,,,शालेय,SCHOOL,125619,197
32,1,29845,66310,पालये,Palye,देवगड,Devgad,"पडवणे,फणसे",24,06:00,06:50,SC,DAILY,विश्रांती 10.50 ते 12.35,169.90000000000003,9h 00m,7h 00m,शालेय,SCHOOL,125620,199
32,2,10766,66311,देवगड,Devgad,विरवाडी,Virwadi,,10,07:00,07:20,OBL,DAILY,,,,,शालेय,,125494,200
32,3,29865,66312,विरवाडी,Virwadi,देवगड,Devgad,,12,07:30,07:55,SC,DAILY,,,,,शालेय,,125498,201
32,4,75439,66313,देवगड,Devgad,गणपती मंदिर,Ganpati Mandir,किंजवडे कामते डोबवाडी,35.2,08:15,09:30,SC-TPL,DAILY,,,,,शालेय/टपाल,,75439,202
32,5,133029,66314,गणपती मंदिर,Ganpati Mandir,देवगड,Devgad,"डोबवाडी,किंजवडे,भरडवाडी,तेलीवाडी,ओंबळ",37.1,09:40,10:50,SC-TPL,DAILY,,,,,शालेय/टपाल,,133029,203
32,6,10764,66315,देवगड,Devgad,तळेबाजार,Talebazar,"कालवी टेंबवली,तळेबाजार",25.8,12:35,13:30,SC,SAT-CLODED,,,,,शालेय,SCHOOL,125663,204
32,7,29863,66316,तळेबाजार,Talebazar,देवगड,Devgad,"तळेबाजार,टेंबवली,कालवी",25.8,13:45,14:35,SC,SAT-CLODED,,,,,शालेय,,125664,205
32,,,66317,देवगड,Devgad,वानिवडे,Wanivade,,25,12:35,13:25,,ONLY SAT,,,,,Time change for ONE DAY,,,206
32,,,66318,वानिवडे,Wanivade,देवगड,Devgad,,25,13:35,14:25,,ONLY SAT,,,,,,,,207
33,1,52016,66319,देवगड,Devgad,पाटथर,Patthar,,10,07:00,07:20,OBL,DAILY,,174.70000000000002,11h 20m,7h 05m,,,,209
33,2,52017,66320,पाटथर,Patthar,देवगड,Devgad,,10,07:30,07:50,SC,DAILY,विश्रांती 11.00 ते 15.15,,,,,,,210
33,3,60734,66321,देवगड,Devgad,मुणगे हायस्कूल,Munage Highschool,,50,08:00,09:40,OBL,SAT-SUN,,,,,,,,211
33,4,60988,66322,मुणगे हायस्कूल,Munage Highschool,देवगड,Devgad,,32.8,09:50,11:00,SC,SAT-SUN,,,,,,,,212
33,5,78246,66323,देवगड,Devgad,मुणगे हायस्कूल,Munage Highschool,,50,15:15,16:55,NON,SAT-SUN,,,,,,,,213
33,6,76537,66324,मुणगे हायस्कूल,Munage Highschool,तांबळडेग दक्षिणवाडी,Tambaldeg Dakshinwadi,,21.9,17:05,17:40,SC,SAT,,,,,,,,214
33,,29856,66325,तांबळडेग दक्षिणवाडी,Tambaldeg Dakshinwadi,देवगड,Devgad,,28.6,17:50,18:25,NON,ONLY FRIDAY,,,,,,,,215
34,,10756,66326,देवगड,Devgad,तांबळडेग दक्षिणवाडी,Tambaldeg Dakshinwadi,,28.6,05:15,05:50,NON,ONLY MONDAY,,,,,,,,217
34,1,29856,66327,तांबळडेग दक्षिणवाडी,Tambaldeg Dakshinwadi,देवगड,Devgad,,28.6,06:00,07:00,SC,SUN,,140.39999999999998,5h 00m,4h 55m,शालेय,,125441,218
34,2,126202,66328,देवगड,Devgad,कणकवली,Kankavali,"देवगड बंदर, नांदगाव",58.5,07:15,08:55,NON,DAIL,,,,,इतर,,126202,219
34,3,125746,66329,कणकवली,Kankavali,देवगड,Devgad,नांदगाव,53.3,09:05,10:35,NON,DAIL,6 तासांत ड्युटी संपते,,,,इतर,,125746,220
35,1,10697,66330,देवगड,Devgad,बापर्डे,Baparde,जामसंडे कावलेवडी विरवाडी,24.8,13:30,14:15,SC,DAILY,विश्रांती 15.05 ते 16.25,136.6,7h 10m,5h 50m,शालेय,,125933,221
35,2,28699,66331,बापर्डे,Baparde,देवगड,Devgad,विरवाडी  विश्रांती,21.8,14:25,15:05,OBL,DAILY,,,,,शालेय,,125934,222
35,3,10712,66332,देवगड,Devgad,केळेवाडी,Kelyewadi,केलयेवाडी विस्तारीत,27,16:25,16:35,SC,SAT-SUN,,,,,,,128568,223
35,4,29820,66333,केळेवाडी,Kelyewadi,देवगड,Devgad,केलयेवाडी विस्तारीत,27,17:35,18:25,NON,SAT-SUN,,,,,शालेय,,125791,224
35,5,60711,66334,देवगड,Devgad,मोर्वे सडेवाडी,Morve Sadewadi,"पाटथर, मिठबाव, मोर्वे",36,18:35,20:00,OBL,DAILY,,,,,बंधनकारक,,125936,225
36,1,29841,66335,सडेवाडी मोर्वे,Sadewadi Morve,देवगड,Devgad,"मोर्वे, मिठबाव, पाटथर",36,06:05,07:30,SC,DAILY,विश्रांती 10.10 ते 11.00,142.4,7h 50m,6h 00m,शालेय,SCHOOL,125938,227
36,2,10762,66336,देवगड,Devgad,तेलीवाडी,Teliwadi,"जामसंडे,तळेबाजार,बागतळवडे,चांदोशी",27.2,08:00,09:00,OBL,DAILY,,,,,शालेय/टपाल,SCHOOL,125941,228
36,3,29862,66337,तेलीवाडी,Teliwadi,देवगड,Devgad,तळेबाजार,24,09:10,10:10,SC,DAILY,,,,,शालेय,SCHOOL,125830,229
36,4,10728,66338,देवगड,Devgad,मिठबांव,Mithbav,"मिठमुंबरी, कुणकेश्वर",27.6,11:00,12:00,SC,DAILY,,,,,,,128549,230
36,5,29834,66339,मिठबांव,Mithbav,देवगड,Devgad,"कुणकेश्वर, मिठमुंबरी",27.6,12:30,13:30,SC,DAILY,,,,,,,128551,231
37,1,10759,66340,देवगड,Devgad,तरळे,Tarle,"नाडण, पाडगाव, फणसगाव",57.1,11:45,13:45,SC,DAILY,विश्रांती 16.10 ते 17.10,189.3,8h 25m,7h 20m,बंधनकारक,,125945,232
37,2,29860,66341,तरळे,Tarle,देवगड,Devgad,"फणसगाव, मणचे, मुटाट, नाडण",65.7,14:00,16:10,SC,DAILY,,,,,बंधनकारक,,125948,233
37,3,125949,66342,देवगड,Devgad,मालपे कोर्ले,Malpe Korle,"पडेलगाव, सौदाळे, वाघोटन, मालपे, पोंभुर्ले",66.5,17:10,19:30,SC,DAILY,,,,,शालेय,,125949,234
38,1,125958,66343,कोर्ले मालपे,Korle Malpe,देवगड,Devgad,"मालपे, पाळेकरवाडी, मुटाट, वाघोटन,  सौदाळे, पडेलगाव,",70.8,05:15,07:40,SC,DAILY,6 तासांत ड्युटी संपते,141,5h 40m,5h 30m,शालेय,SCHOOL,125958,236
38,2,10756,66344,देवगड,Devgad,तांबळडेग दक्षिणवाडी,Tambaldeg Dakshinwadi,"दाभोळे, कुपलवाडी, दहिबाव, धनगरवाडी",36.6,08:00,09:15,SC-TPL,DAILY,,,,,शालेय/टपाल,SCHOOL,125959,237
38,3,29857,66345,तांबळडेग दक्षिणवाडी,Tambaldeg Dakshinwadi,देवगड,Devgad,"कुणकेश्वर, इळयेसडा",33.6,09:25,10:30,SC-TPL,DAILY,,,,,शालेय/टपाल,SCHOOL,125960,238
39,1,19174,66346,देवगड,Devgad,कणकवली,Kankavali,"नांदगाव,",53.3,10:40,12:10,NON,DAILY,विश्रांती 14.00 ते 15.15,197.6,9h 10m,7h 00m,इतर,,67514,240
39,2,125746,66347,कणकवली,Kankavali,देवगड,Devgad,"नांदगाव,",53.3,12:30,14:00,NON,DAILY,,,,,इतर,,67513,241
39,3,10724,66348,देवगड,Devgad,लिंगडाळगाव,Lingdalgaon,"कालवी हनुमान मंदिर, टेबवली, तळेबजार, वरेरी",33,15:15,16:15,SC,SAT-SUN,,,,,शालेय,SCHOOL,125814,242
39,4,29831,66349,लिंगडाळगाव,Lingdalgaon,देवगड,Devgad,"वरेरी, तळेबजार, टेबवली, कालवी",30,16:25,17:25,SC,SAT-SUN,,,,,शालेय,,125815,243
39,5,10705,66350,देवगड,Devgad,वानिवडे,Wanivade,"नाडन, मोंड (विरवाडी पूल चालू  12 किमी कमी)",28,18:10,19:10,OBL,DAILY,,,,,बंधनकारक,,125961,244
40,1,51930,66351,वानिवडे,Wanivade,देवगड,Devgad,,40.5,06:00,07:30,SC,DAILY,विश्रांती 7.30 ते 08.00,161.5,7h 15m,6h 45m,शालेय,SCHOOL,125972,248
40,2,10712,66352,देवगड,Devgad,केळेवाडी,Kelyewadi,,25,08:00,08:50,OBL,DAILY,,,,,शालेय,,125789,249
40,3,81469,66353,केळेवाडी,Kelyewadi,नाडण दवाखाना,Nadan Dispensary,,13,09:00,09:30,SC,SAT-SUN,,,,,शालेय,,125792,250
40,4,81470,66354,नाडण दवाखाना,Nadan Dispensary,कळंबई,Kalambai,,12,09:40,10:05,SC,SAT-SUN,,,,,शालेय,,125794,251
40,5,29820,66355,कळंबई,Kalambai,देवगड,Devgad,,27,10:15,11:10,SC,DAILY,,,,,शालेय,,125791,252
40,6,1179018,66356,देवगड,Devgad,कुणकेश्वर,Kunkeshwar,"इळये सडा,मिठमुंबरी",22,11:20,12:00,,,,,,,,SCHOOL,,253
40,7,1179019,66357,कुणकेश्वर,Kunkeshwar,देवगड,Devgad,"मिठमुंबरी,",22,12:10,12:50,,,,,,,,SCHOOL,,254
41,1,19174,66358,देवगड,Devgad,कणकवली,Kankavali,नांदगाव,53.3,09:30,11:00,NON,DAILY,विश्रांती 13.15 ते 16.35,160.6,9h 40m,6h 35m,इतर,,125745,256
41,2,125746,66359,कणकवली,Kankavali,देवगड,Devgad,नांदगाव,53.3,11:45,13:15,NON,DAILY,,,,,इतर,,125746,257
41,3,61210,66360,देवगड,Devgad,गोवळ,Goval,"तळेबाजार, ताम्हाणेतेलीवाडी, बापार्डे, पेंढरी",54,16:35,18:30,SC,DAILY,,,,,बंधनकारक,,125978,258
42,1,61211,66361,गोवळ,Goval,देवगड,Devgad,"156- 138(कोलंबा पूल चालू झाल्याने)मोंड, नाडन (विरवाडी पूल चालू 12 किमी कमी)",33,05:30,06:35,SC,DAILY,6 तासांत ड्युटी संपते,138,6h 40m,5h 30m,शालेय,SCHOOL,125983,260
42,2,125984,66362,देवगड,Devgad,मालवण,Malvan,मशवी  आचरा (आंगणेवाडी कमी केल्याने 28 किमी  12.02.20),50,07:45,09:35,OBL,DAILY,,,,,बंधनकारक,,125984,261
42,3,125985,66363,मालवण,Malvan,देवगड,Devgad,"पोयरे, मुणगे, हिंदळे (आंगणेवाडी कमी केल्याने 28 किमी ते 12.02.20)",55,09:45,11:45,OBL,DAILY,,,,,बंधनकारक,,125985,262
43,1,10758,66364,देवगड,Devgad,तांबळडेग दक्षिणवाडी,Tambaldeg Dakshinwadi,"तळेबाजार, लिंगडाळगाव, मिठबाव",41,08:20,09:45,NON,SAT-SUN,,,,,ऑपरेशनल टपाल,,125908,264
43,2,29931,66365,तांबळडेग दक्षिणवाडी,Tambaldeg Dakshinwadi,फोंडा,Fonda,"मिठबाव, लिंगडाळगाव, शिरगाव",60.4,09:55,11:55,NON,SAT-SUN,,,,,टपाल,,125986,265
43,3,11091,66366,फोंडा,Fonda,खडकदरा,Khadakdara,"घोणसरी, कुर्ली",15,12:35,13:05,SC,SAT-SUN,,,,,शालेय,,125987,266
43,4,125722,66367,खडकदरा,Khadakdara,फोंडा,Fonda,"कुर्ली, घोणसरी",15,13:15,13:45,SC,SAT-SUN,,,,,शालेय,,125988,267
43,5,11090,66368,फोंडा,Fonda,कातवण,Katvan,"नांदगाव, लिंगडाळगाव, मिठबाव, तांबाळडेग",70.7,15:00,17:20,SC,SAT-SUN,,,,,शालेय,,125989,268
43,6,29819,66369,कातवण,Katvan,देवगड,Devgad,"मिठबाव, लिंगडाळगाव, वरेरी, तळेबाजार",36.3,17:30,18:45,SC,SAT-SUN,,238.40000000000003,11h 05m,9h 10m,शालेय,SCHOOL,125990,269
44,1,29925,66370,देवगड,Devgad,कणकवली,Kankavali,"वरेरी, कामते, खुडी, बिडवाडी",62.4,06:00,08:45,SC,DAILY,विश्रांती 11.10 ते 12.00,174.3,10h 00m,8h 00m,बंधनकारक,,125991,271
44,2,125857,66371,कणकवली,Kankavali,शिवडाव Thalkarwadi,Shivdav Thalkarwadi,मांजरवाडी,15,09:40,10:15,SC,SAT-SUN,,,,,शालेय,,125857,272
44,3,125858,66372,Thalkarwadi शिवडाव,Thalkarwadi Shivdav,कणकवली,Kankavali,,15,10:40,11:10,SC,SAT-SUN,,,,,शालेय,,125858,273
44,4,69611,66373,कणकवली,Kankavali,देवगड,Devgad,"रामगड, कामते, किंजवडे, दाभोळे",81.9,12:00,15:15,OBL,DAILY,,,,,बंधनकारक,,97718,274
45,1,89248,66374\1,देवगड,Devgad,नाटे रत्नागिरी,Nate Ratnagiri,"पडेलगाव, कात्रादेवी, व्हाया डोंगर तिटा",115.7,06:45,10:05,NON,DAILY,विश्रांती 10.05 ते 11.15,231.4,8h 35m,7h 35m,इतर,,149196,275
45,2,89243,66375,रत्नागिरी नाटे,Ratnagiri Nate,देवगड,Devgad,"नाटे डोंगर तिटा  कात्रादेवी, पडेलगाव",115.7,11:15,14:35,NON,DAILY,,,,,इतर,,149201,276
46,1,117418,66376,देवगड,Devgad,सावंतवाडी,Sawantwadi,"नांदगाव, कणकवली, कुडाळ",109.4,06:45,10:00,NON,DAILY,विश्रांती 10.00 ते 11.15,218.8,8h 50m,7h 35m,इतर,,125659,278
46,2,125658,66377,सावंतवाडी,Sawantwadi,देवगड,Devgad,"कुडाळ, कणकवली, नांदगाव",109.4,11:15,14:50,NON,DAILY,,,,,इतर,,125658,279
47,1,126016,66378\1,देवगड,Devgad,कणकवली,Kankavali,"Keg[er, कामते, रामगड",64.4,12:00,14:30,OPT-SC,DAILY,विश्रांती 14.30 ते 15.10,171.3,8h 15m,7h 10m,,,126016,281
47,2,149491,66379,कणकवली,Kankavali,रेंबवली,Rembavali,"तरदळे, कुवळे",18.8,15:10,15:50,SC,SAT-SUN,,,,,शालेय,SCHOOL,60231,282
47,3,149492,66380,रेंबवली,Rembavali,कणकवली,Kankavali,"कुवळे, तरदळे",18.8,16:00,16:50,SC,SAT-SUN,,,,,शालेय,,60232,283
47,4,126011,66381,कणकवली,Kankavali,तांबळडेग दक्षिणवाडी,Tambaldeg Dakshinwadi,"Jemleer, नांदगाव, लिंगडाळगाव",69.3,17:15,19:35,SC,DAILY,,,,,बंधनकारक,,126011,284
48,1,126012,66382,तांबळडेग दक्षिणवाडी,Tambaldeg Dakshinwadi,कणकवली,Kankavali,"jsuJes ⁇mšs. लिंगडाळगाव, नांदगाव",67.3,06:00,08:20,SC,DAILY,6 तासांत ड्युटी संपते,135.7,5h 10m,4h 55m,शालेय,,126012,286
48,2,126017,66383,कणकवली,Kankavali,देवगड,Devgad,"jeceie[,Deejs, बुधवळे",68.4,08:45,10:45,SC,DAILY,,,,,बंधनकारक,,126017,287
49,1,19176,66387,देवगड,Devgad,कणकवली,Kankavali,"नारीन्ग्रे, खुडी, बुधवळे, निरोम, आरे",71.4,14:15,16:45,NON,DAILY,6 तासांत ड्युटी संपते,139.8,5h 50m,5h 45m,बंधनकारक,,125838,289
49,2,10824,66388,कणकवली,Kankavali,देवगड,Devgad,"सांडवे, बुधवळे, खुडी, किंजवडे, तळेबाजार, टेंबवली",68.4,17:00,19:20,NON,DAILY,,,,,बंधनकारक,,125841,290
50,1,10752,66389,देवगड,Devgad,तळेबाजार,Talebazar,"नाडण, मोंड, वानिवडे(विरवाडी पूल चालू केल्याने 12 किमी कमी)",33.9,08:00,09:20,SC,DAILY,विश्रांती 14.15 ते 16.15,160.8,11h 45m,7h 10m,शालेय/टपाल,,125969,292
50,2,29850,66390,तळेबाजार,Talebazar,देवगड,Devgad,"वानिवडे, मोंड, नाडण  (विरवाडी पूल चालू केल्याने 12 किमी कमी)",33.9,09:30,10:50,SC,DAILY,,,,,शालेय/टपाल,,125970,293
50,3,52016,66391,देवगड,Devgad,पाटथर,Patthar,खाकशी,12,13:25,13:45,SC,SAT-SUN,,,,,शालेय,SCHOOL,125747,294
50,4,52017,66392,पाटथर,Patthar,देवगड,Devgad,खाकशी,12,13:55,14:15,SC,SAT-SUN,,,,,शालेय,,125748,295
50,5,10729,66393,देवगड,Devgad,मोर्वे,Morve,,34.5,16:15,17:35,SC,DAILY,,,,,शालेय,,125973,296
50,6,29835,66394,मोर्वे,Morve,देवगड,Devgad,,34.5,17:45,19:05,SC,DAILY,,,,,शालेय,,125974,297
51,1,127809,66395,देवगड,Devgad,कट्टा,Katta,,6.3,07:00,07:10,NON,DAILY,विश्रांती 7.30 ते 8.30,168.79999999999998,11h 50m,10h 20m,,,127435,299
51,,125837,66396,कट्टा,Katta,देवगड,Devgad,,6.3,07:20,07:30,,,,,,,,,,300
51,3,37747,M4547,देवगड,Devgad,रत्नागिरी रहाटघर,Ratnagiri Rahatghar,",जामसंडे,तरळे",156.2,08:30,13:35,NON,DAILY,,,,,TAPAL,,37747,301
52,1,11096,M4548,रहाटघर रत्नागिरी,Rahatghar Ratnagiri,देवगड,Devgad,"⁇À¦¶ãããäØãÀãè -14.50-15.00 तरळे,नांदगाव तिठा",156.2,15:00,19:40,NON,DAILY,6 तासांत ड्युटी संपते,156.2,6h 45m,6h 45m,,,11096,303
53,1,37747,M4545,देवगड,Devgad,रत्नागिरी रहाटघर,Ratnagiri Rahatghar,"जामसंडे,तरळे",156.2,05:00,09:50,NON,DAILY,6 तासांत ड्युटी संपते,156.2,5h 35m,5h 35m,,,37747,305
54,1,11096,M4546,रत्नागिरी रहाटघर,Ratnagiri Rahatghar,देवगड,Devgad,"⁇À¦¶ãããäØãÀãè -12.20-12.30 तरळे,नांदगाव तिठा",156.2,12:15,17:10,NON,DAILY,6 तासांत ड्युटी संपते,156.2,5h 25m,5h 25m,,,11096,307
55,1,127685,M4549,देवगड,Devgad,सांगली,Sangli,"नांदगाव तिठा,तरळे 14.10-14.20 राधानगरी,कोल्हापूर",198.2,12:30,17:50,NON,DAILY,6 तासांत ड्युटी संपते,198.2,6h 05m,6h 05m,,,127685,308
56,1,127691,M4550,सांगली,Sangli,देवगड,Devgad,"कोल्हापूर  राधानगरी,नांदगाव तिठा",198.2,07:30,12:45,NON,DAILY,6 तासांत ड्युटी संपते,198.2,5h 45m,5h 45m,,,127691,310
57,1,401,M4551,देवगड,Devgad,बेळगांव,Belgaum,"नांदगाव तिठा,कसाल,ओरोस स्थानक,कुडाळ,सावंतवाडी,आंबोली",212.4,07:15,14:00,NON,DAILY,विश्रांती 10.35 ते 11.05,212.4,7h 30m,7h 00m,,,401,312
58,1,10675,M4552,बेळगांव,Belgaum,देवगड,Devgad,"आंबोली,सावंतवाडी,ओरोस स्थानक,कसाल,नांदगाव तिठा",212.4,07:15,14:05,NON,DAILY,विश्रांती 10.10-10.45,212.4,7h 20m,7h 00m,,,10675,314
59,1,401,M4553,देवगड,Devgad,बेळगांव,Belgaum,"नांदगाव तिठा,कसाल,ओरोस स्थानक,कुडाळ,सावंतवाडी,आंबोली",212.4,13:30,19:55,NON,DAILY,विश्रांती 16.50 ते 17.20,212.4,7h 15m,6h 45m,,,401,315
60,1,10675,M4554,बेळगांव,Belgaum,देवगड,Devgad,"आंबोली,सावंतवाडी,ओरोस स्थानक,कसाल,नांदगाव तिठा",212.4,05:30,11:50,NON,DAILY,विश्रांती 10.20 ते 10.50,212.4,6h 50m,6h 20m,,,10675,317
61,1,401,M4543,देवगड,Devgad,बेळगाव,Belgaum,"नांदगाव तिठा,कसाल,ओरोस स्थानक,कुडाळ,सावंतवाडी,आंबोली",212.4,11:50,18:45,NON,DAILY,,212.4,7h 40m,7h 15m,TAPAL,,401,319
62,1,10675,M4544,बेळगाव,Belgaum,देवगड,Devgad,"आंबोली,सावंतवाडी,ओरोस स्थानक,कसाल,नांदगाव तिठा",212.4,06:45,13:20,NON,DAILY,,212.4,7h 20m,7h 10m,,,10675,321
63,1,37748,M4557,देवगड,Devgad,पणजी,Panjim,"नांदगाव तिठा,कसाल,सिंधुदुर्गनगरी,कुडाळ,सावंतवाडी,बांदा,दोडामार्ग",184,11:30,17:25,NON,DAILY,,184,6h 40m,6h 40m,,,37748,323
64,1,11079,M4558,पणजी,Panjim,देवगड,Devgad,"दोडामार्ग,बांदा,सावंतवाडी,ओरोस स्थानक,कसाल,नांदगाव तिठा",180.7,06:45,12:35,NON,DAILY,,180.7,6h 20m,6h 10m,,,11079,325
65,1,37748,M4555,देवगड,Devgad,पणजी,Panjim,"नांदगाव तिठा,कसाल,सिंधुदुर्गनगरी,कुडाळ,सावंतवाडी,बांदा,दोडामार्ग",184,06:00,11:55,NON,DAILY,,184,6h 40m,6h 30m,,,37748,327
66,1,11080,M4556,पणजी,Panjim,देवगड,Devgad,"दोडामार्ग,बांदा,सावंतवाडी,सिंधुदुर्गनगरी कसाल,नांदगाव तिठा",184,13:30,19:50,NON,DAILY,,184,6h 50m,6h 15m,,,11080,329
67,1,125754,66397,देवगड,Devgad,गणेशनगर,Ganeshnagar,जामसंडे दाभोळे,12.2,06:50,07:20,NON,DAILY,,159.5,5h 30m,5h 30m,,,125754,331
67,2,125755,66398,गणेशनगर,Ganeshnagar,देवगड,Devgad,दाभोळे जामसंडे,12.2,07:30,08:00,NON,DAILY,,,,,,SCHOOL,125755,332
67,3,75519,L3447\1,देवगड,Devgad,कोल्हापूर [पुणे],Kolhapur [Pune],,135.1,08:10,11:35,NON,DAILY,,,,,,,75519,333
68,,,L,कोल्हापूर [पुणे],Kolhapur [Pune],वल्लभनगर,Vallabhnagar,,264.4,11:50,18:00,NON,DAILY,KRD 6km STR 3.7km add,264.4,6h 40m,6h 20m,,,75519,334
69,1,,L,वल्लभनगर,Vallabhnagar,कोल्हापूर [पुणे],Kolhapur [Pune],,254.7,05:45,11:55,NON,DAILY,,254.7,6h 40m,6h 35m,,,75696,336
70,,,L3448,कोल्हापूर [पुणे],Kolhapur [Pune],देवगड,Devgad,,135.1,12:10,16:05,NON,DAILY,,135.1,6h 55m,6h 35m,,,75696,338
71,1,75519,L3445,देवगड,Devgad,कोल्हापूर [पुणे],Kolhapur [Pune],,135.1,17:30,21:15,NON,DAILY,,135.1,5h 00m,4h 30m,,,75519,340
72,,,L3445,कोल्हापूर [पुणे],Kolhapur [Pune],वल्लभनगर,Vallabhnagar,,264.4,21:30,03:25,NON,DAILY,KRD 6km STR 3.7km add,264.4,6h 25m,6h 25m,,,75519,342
73,1,75696,L3446,वल्लभनगर,Vallabhnagar,कोल्हापूर [पुणे],Kolhapur [Pune],,254.7,20:00,02:20,NON,DAILY,,254.7,6h 50m,6h 50m,,,75696,344
74,,,L3446,कोल्हापूर [पुणे],Kolhapur [Pune],देवगड,Devgad,,135.1,02:35,06:00,NON,DAILY,,135.1,5h 45m,4h 55m,,,75696,346
75\1,1,107604,L3455\1,देवगड,Devgad,मिरज,Miraj,9.00 vithai bus alyane bandar km kami 5.2,193.7,06:45,12:15,NON,DAILY,,193.7,6h 15m,6h 15m,,,107604,348
76,,,L3455\1,मिरज,Miraj,अक्कलकोट,Akkalkot,मंदिर,241.4,12:35,18:25,NON,DAILY,,241.4,6h 20m,6h 20m,,,107604,350
77,1,107596,L3456,अक्कलकोट,Akkalkot,मिरज,Miraj,,241.4,08:30,14:25,NON,DAILY,,241.4,6h 25m,6h 25m,,,107596,352
78,,,L3456,मिरज,Miraj,देवगड,Devgad,21.15 ला देवगड लायेते,193.7,14:45,20:10,NON,DAILY,,193.7,5h 55m,5h 30m,,,107596,354
79,1,149178,66399,देवगड,Devgad,वानिवडे ग्रा.पं.,Wanivade Gram Panchayat,8.15-09.05 वेळ बदली शाळेमुळे,25,06:15,07:05,NON,SUN,,246.7,9h 55m,7h 40m,,,149178,356
79,2,125966,66400,वानिवडे ग्रा.पं.,Wanivade Gram Panchayat,देवगड,Devgad,09.15-10.05 वेळ बदली शाळेमुळे(भंडारवाडी,28,07:15,08:05,NON,SUN,,,,,,,125966,357
79,3,,L3528,देवगड,Devgad,मिरज,Miraj,,193.7,10:15,15:25,NON,DAILY,,,,,,,423,358
80,,423,L3528,मिरज,Miraj,तुळजापूर,Tuljapur,,245.9,15:40,21:30,NON,DAILY,,245.9,6h 20m,6h 00m,,,423,360
81,1,11245,L3529,तुळजापूर,Tuljapur,मिरज,Miraj,,245.9,07:00,12:50,NON,DAILY,,245.9,6h 20m,6h 20m,,,11245,362
82,,,L3529,मिरज,Miraj,देवगड,Devgad,,193.7,13:10,18:25,NON,DAILY,,193.7,5h 45m,5h 45m,,,11245,363
84,1,1114600,L3453,देवगड,Devgad,खेड,Khed,⁇ãäª.27.09.18 पासून 6.6 किमी बंदर फेरी चालू केली,255.3,16:30,23:00,NON,DAILY,,255.3,6h 25m,6h 25m,,,114600,365
85,,,L3453,खेड,Khed,बोरीवली,Borivali,,247.7,23:15,05:05,NON,DAILY,,247.7,7h 15m,7h 15m,,,114600,367
86,1,1114590,L3454,बोरीवली,Borivali,खेड,Khed,,247.7,17:30,23:45,NON,DAILY,,247.7,7h 50m,7h 50m,,,114590,369
87,1,,L3454,खेड,Khed,देवगड,Devgad,"संगमेश्वर,पाली,लांजा,राजापूर,तरळे(बोरीवली ⁇-ªñÌãØã¡ 17.30 ची फेरी)",255.3,,06:45,NON,DAILY,,255.3,6h 10m,6h 10m,,,114590,371
88,1,,,देवगड,Devgad,चिपळूण,Chiplun,,217.9,15:00,21:30,NON,DAILY,,217.9,7h 15m,7h 15m,,,,373
89,,,,चिपळूण,Chiplun,नाळासोपारा,Nalasopara,,332.9,21:45,04:45,NON,DAILY,,332.9,7h 30m,7h 30m,,,,375
90,1,,,नाळासोपारा,Nalasopara,चिपळूण,Chiplun,,332.9,15:00,22:00,NON,DAILY,,332.9,7h 45m,7h 45m,,,,377
91,,,,चिपळूण,Chiplun,देवगड,Devgad,,217.9,22:15,04:45,NON,DAILY,,217.9,7h 00m,7h 00m,,,,379
,,,66277,तळेबाजार,Talebazar,देवगड,Devgad,,25.8,19:10,20:00,NON,ONLY FRIDAY,,,,,,,,406
,,29856,66325,तांबळडेग दक्षिणवाडी,Tambaldeg Dakshinwadi,देवगड,Devgad,,28.6,17:50,18:25,NON,ONLY FRIDAY,,,,,,,,407
,,,66317,देवगड,Devgad,वानिवडे,Wanivade,,25,12:35,13:25,,ONLY SAT,,,,,Time change for ONE DAY,,,408
,,,66318,वानिवडे,Wanivade,देवगड,Devgad,,25,13:35,14:25,,ONLY SAT,,,,,,,,409
,,,66278,देवगड,Devgad,तळेबाजार,Talebazar,,25.8,18:00,19:00,NON,SUN OPT ,,,,,,,,410
34,,10756,66326,देवगड,Devgad,तांबळडेग दक्षिणवाडी,Tambaldeg Dakshinwadi,,28.6,05:15,05:50,NON,ONLY MONDAY,,,,,,,,411
26,4,11367,66282,शिरगांव,Shirgaon,शेवरे,Shevare,3.0 किमी फक्त बुधवार करिता,6,,,BAZAR,WED,,,,,शालेय,,11367,412
26,5,51997,66283,शेवरे,Shevare,शिरगांव,Shirgaon,3.0 किमी फक्त बुधवार करिता,6,,,BAZAR,WED,,,,,शालेय,,51957,413
26,10,,66288,शिरगांव,Shirgaon,पाडगाव,Padgaon,7.1 किमी फक्त बुधवार करिता,7.1,,,BAZAR,WED,,,,,शालेय,,11219,414
26,11,,66289,पाडगाव,Padgaon,शिरगांव,Shirgaon,5.1 किमी फक्त बुधवार करिता,5.1,,,BAZAR,WED,,,,,शालेय,,29942,415
