Duty_No,Trip_Seq,Route_No,Trip_Code,Trip_No_in_Duty,Source_Marathi,Source_English,Destination_Marathi,Destination_English,Distance_KM,Departure_Time,Arrival_Time,Trip_Type,Frequency,Mail_Flag,Via_Remark,Rest,Duty_Total_KM,Spread_Hours,Steering_Hours,Excel_Row_Ref
317,1.0,145115,L3423,1,कणकवली,Kankavali,सांगोला,Sangola,257.6,05:45,12:20,,,,,मिरज विश्रांती,257.6,7h 20m,6h 50m,5
,2.0,145115,L3423,1,सांगोला,Sangola,लातूर,Latur,235.7,12:35,18:10,,,,ना.आ.,सहा तासात कर्त्यव्य संपते,235.7,6h 15m,6h 15m,7
318,3.0,145116,L3424,1,लातूर,Latur,सांगोला,Sangola,235.7,07:30,13:35,,,,"तुळजापूर,सोलापूर",सहा तासात कर्त्यव्य संपते,235.7,6h 35m,6h 35m,9
,4.0,145116,L3424,1,सांगोला,Sangola,कणकवली,Kankavali,257.6,13:50,20:20,,,,,कोल्हापुर विश्रांती,257.6,7h 00m,6h 30m,11
315,5.0,121032,L3469,1,कणकवली,Kankavali,सोलापूर,Solapur,367.6,09:30,18:45,,,,वस्ती,मिरज विश्रांती,367.6,10h 00m,9h 30m,13
316,6.0,121033,L3470,1,सोलापूर,Solapur,कणकवली,Kankavali,367.6,07:45,17:00,,,,,मिरज विश्रांती,367.6,9h 45m,9h 15m,15
313,7.0,153502,L3443,1,कणकवली,Kankavali,सांगोला,Sangola,261.6,07:00,13:15,,,,फोंडा,मिरज ११.३०ते १२.००विश्रांती,261.6,7h 00m,7h 00m,17
,8.0,153502,L3443,1,सांगोला,Sangola,लातूर,Latur,231.4,13:30,19:10,,,,बार्शी,सहा तासात कर्त्यव्य संपते,231.4,6h 10m,6h 10m,19
314,9.0,,L3444,1,लातूर,Latur,सांगोला,Sangola,231.4,09:30,15:10,,,,,सहा तासात कर्त्यव्य संपते,231.4,6h 10m,6h 10m,21
,10.0,,L3444,1,सांगोला,Sangola,कणकवली,Kankavali,262.2,15:25,22:20,,,,,कोल्हापुर विश्रांती,262.2,7h 25m,6h 45m,23
,11.0,,L3439\2,,कणकवली,Kankavali,पंढरपूर,Pandharpur,291.7,12:00,19:30,NON,DAILY,"तरळे,कोल्हापूर,मिरज",,,291.7,8h 15m,7h 45m,25
,12.0,,L3440\2,,पंढरपूर,Pandharpur,कणकवली,Kankavali,291.7,05:15,12:55,NON,DAILY,"मिरज,कोल्हापूर तरळे",,,291.7,8h 10m,7h 35m,27
645,13.0,144304,L3489,1,कणकवली,Kankavali,सांगोला,Sangola,262.2,13:00,19:35,,,,,मिरज विश्रांती,262.2,7h 20m,6h 50m,29
,14.0,144304,L3489,1,सांगोला,Sangola,लातूर,Latur,235.7,19:50,02:00,,,,"तुळजापूर,सोलापूर",सहा तासात कर्त्यव्य संपते,235.7,6h 40m,6h 10m,31
646,15.0,147516,L3490,1,लातूर,Latur,सांगोला,Sangola,235.7,16:00,22:00,,,,"तुळजापूर,सोलापूर",सहा तासात कर्त्यव्य संपते,235.7,6h 30m,6h 00m,33
,16.0,147516,L3490,1,सांगोला,Sangola,कणकवली,Kankavali,262.2,22:15,04:50,,,,,कोल्हापुर विश्रांती,262.2,7h 05m,6h 35m,35
647,17.0,2369,L 3441,1,कणकवली,Kankavali,चिपळूण,Chiplun,194,15:30,20:35,,,,चिपळूण ना.आ.,सहा तासात कर्त्यव्य संपते,194,5h 50m,5h 50m,37
,18.0,2369,L 3441,2,चिपळूण,Chiplun,बोरीवली,Borivali,282.5,20:50,04:00,,,,,राम वाडी विश्रांती,282.5,7h 40m,7h 10m,39
648,19.0,444,L3442,3,बोरीवली,Borivali,चिपळूण,Chiplun,282.5,16:00,23:20,,,,चिपळूण ना.आ.,महाड  विश्रांती,282.5,8h 00m,7h 30m,41
,20.0,444,L3442,4,चिपळूण,Chiplun,कणकवली,Kankavali,194,23:35,04:40,,,,,सहा तासात कर्त्यव्य संपते,194,5h 35m,5h 35m,43
5,21.0,10815,65306.0,1,कणकवली,Kankavali,आयनल पिंपळवाडी,Aaynal Pimpalwadi,32.8,13:00,14:10,NON,DAILY,,nandagav koloshiwadi,17.40 ते 19.00 विश्रांती,151.1,7h 55m,6h 35m,45
6,21.0,19121,65307.0,2,आयनल पिंपळवाडी,Aaynal Pimpalwadi,कणकवली,Kankavali,32.8,14:20,15:30,NON,DAILY,,nandagav koloshiwadi,,,,,46
7,21.0,10839,65308.0,3,कणकवली,Kankavali,दुर्गनगर,Durgnagar,32.6,15:45,16:45,SC,DAILY,,hardi,,,,,47
8,21.0,18854,65309.0,4,दुर्गनगर,Durgnagar,कणकवली,Kankavali,32.6,16:55,18:10,SC,DAILY,,hardi,,,,,48
11,21.0,145429,65310.0,5,कणकवली,Kankavali,कळसुली,Kalsuli,20.3,19:00,19:45,OBL,DAILY,,osargav bordave amrad madhudukan,,,,,49
12,22.0,83971,65311.0,1,कळसुली,Kalsuli,कणकवली,Kankavali,20.3,06:15,07:00,OBL,DAILY,,osargav bordave amrad,17.40 ते 19.00 विश्रांती,157.5,7h 10m,6h 40m,51
13,22.0,10844,65312.0,2,कणकवली,Kankavali,कनेडी,,17.4,07:10,07:50,OBL,DAILY,,भाटदुकान,,,,,52
14,22.0,19170,65313.0,3,कनेडी,,कणकवली,Kankavali,17.4,08:00,08:40,SC,DAILY,,भाटदुकान,,,,,53
15,22.0,126399,65314.0,4,कणकवली,Kankavali,माईण,Maain,41.4,08:50,10:10,SC,DAILY,,नंदगाव ओटव बावशि शेलिचि वाडी,,,,,54
16,22.0,126400,65315.0,5,माईण,Maain,कणकवली,Kankavali,21.2,10:20,11:00,SC,DAILY,,ओटव फ़ाटा नंदगाव,,,,,55
610,22.0,10849,65316.0,6,कणकवली,Kankavali,खलांतर,Khalantar,19.9,11:30,12:10,NON,DAILY,,कनेडी,,,,,56
611,22.0,19215,65317.0,7,खलांतर,Khalantar,कणकवली,Kankavali,19.9,12:20,13:00,NON,DAILY,,कनेडी,,,,,57
33,23.0,59669,65330.0,6,कणकवली,Kankavali,आचरा बंदर वायनगणी,Achara Bandar Wayangani,49.6,10:40,12:30,NON,DAILY,,रामगड आचरा हिर्लेवाडी,,178.3,8h 00m,7h 50m,59
34,23.0,59671,65331.0,7,वायनगणी आचरा,Wayangani Achara,कणकवली,Kankavali,32.9,12:40,13:50,NON,DAILY,,आचरा रामगड,,,,,60
35,23.0,10819,65332.0,3,कणकवली,Kankavali,नरडवे भेरदेवाडी,Naradve Bheradewadi,29.2,14:00,15:10,SC,DAILY,,कनेडी,,,,,61
36,23.0,19371,65333.0,4,नरडवे भेरदेवाडी,Naradve Bheradewadi,कणकवली,Kankavali,29.2,15:20,16:30,OBL,DAILY,,कनेडी,,,,,62
37,23.0,145296,65334.0,5,कणकवली,Kankavali,आचरा बंदर,Achara Bandar,37.4,16:50,18:00,OBL,DAILY,,रामगड बेळणे श्रावण पानलोस,,,,,63
38,24.0,18843,65335.0,1,आचरा बंदर,Achara Bandar,कणकवली,Kankavali,35.9,07:00,08:10,OBL,DAILY,,रामगड बेळणे श्रावण,सहा तासात कर्त्यव्य संपते,142.5,5h 55m,4h 45m,65
39,24.0,125556,65336.0,2,कणकवली,Kankavali,देवगड,Devgad,53.3,08:30,10:00,NON,DAILY,,नांदगाव,,,,,66
40,24.0,125555,65337.0,3,देवगड,Devgad,कणकवली,Kankavali,53.3,11:00,12:30,NON,DAILY,,नांदगाव,,,,,67
41,25.0,46277,65338.0,1,कणकवली,Kankavali,ओटव,Otav,20,08:15,08:55,OBL,DAILY,TAPAL,हुंबरट ओटव,13.55 ते 15.45 विश्रांती,170.20000000000002,12h 00m,7h 50m,69
42,25.0,125563,65339.0,2,ओटव,Otav,कणकवली,Kankavali,20,09:05,09:45,OBL,DAILY,TAPAL,हुंबरट ओटव,,,,,70
51,25.0,126315,65340.0,3,कणकवली,Kankavali,दारीस्ते,Dariste,21.5,12:15,13:00,SC,DAILY,,कनेडी,,,,,71
52,25.0,126316,65341.0,4,दारीस्ते,Dariste,कणकवली,Kankavali,21.5,13:10,13:55,OBL,DAILY,,कनेडी,,,,,72
45,25.0,10854,65342.0,5,कणकवली,Kankavali,कुंभवडे,Kumbhavade,17.9,15:45,16:30,SC,DAILY,,कनेडी,,,,,73
46,25.0,19195,65343.0,6,कुंभवडे,Kumbhavade,कणकवली,Kankavali,17.9,16:40,17:25,OBL,DAILY,,कनेडी,,,,,74
47,25.0,11342,65344.0,7,कणकवली,Kankavali,तोंडवली तळाशिल,Tondavali Talashil,51.4,17:35,19:35,OBL,DAILY,,"आचरा,आचरा बंदर,हिलेवाडी मार्गे",,,,,75
48,26.0,19574,65345.0,1,तोंडवली तळाशिल,Tondavali Talashil,कणकवली,Kankavali,51.4,05:45,07:45,OBL,DAILY,,"आचरा,आचरा बंदर,हिलेवाडी मार्गे",सहा तासात कर्त्यव्य संपते,131.2,5h 20m,5h 15m,77
49,26.0,120350,65346.0,2,कणकवली,Kankavali,मसुरे कावा,Masure Kava,39.9,08:00,09:15,NON,DAILY,TAPAL,"रामगड,बेळणे राथिवडे बागायत",,,,,78
50,26.0,120351,65347.0,3,मसुरे कावा,Masure Kava,कणकवली,Kankavali,39.9,09:25,10:40,NON,DAILY,TAPAL,"रामगड,बेळणे राथिवडे बागायत",,,,,79
19,27.0,10854,65318.0,1,कणकवली,Kankavali,कुंभवडे,Kumbhavade,17.9,12:00,13:05,NON,DAILY,,कनेडी,13.45 ते 15.00 विश्रांती,146.1,8h 20m,6h 55m,81
20,27.0,19195,65319.0,2,कुंभवडे,Kumbhavade,कणकवली,Kankavali,17.9,13:15,13:45,NON,DAILY,,कनेडी,,,,,82
21,27.0,10876,65320.0,3,कणकवली,Kankavali,शिरगाव (काजरघाटी),Shirgaon (Kajarghati),35.2,15:00,16:30,NON,DAILY,,"कुंभारवाडी,बिडवाडी,सांडवे",,,,,83
22,27.0,19418,65321.0,4,शिरगाव (काजरघाटी),Shirgaon (Kajarghati),कणकवली,Kankavali,35.2,16:40,18:10,NON,DAILY,,"सांडवे बिडवाडी,कुंभारवाडी,",,,,,84
23,27.0,120350,65322.0,5,कणकवली,Kankavali,मसुरे,Masure,39.9,18:30,19:40,OBL,DAILY,,"बेळणे,बांदिवडे",,,,,85
24,28.0,120351,65323.0,1,मसुरे,Masure,कणकवली,Kankavali,39.9,05:55,07:20,OBL,DAILY,,बंदिवदे बेळने,10.10 ते 11.30 विश्रांती,135.5,6h 30m,6h 20m,88
629,28.0,46837,65324.0,2,कणकवली,Kankavali,हुंबरणे,Humbarne,11.4,07:30,07:55,OBL,DAILY,,rवरवडे,,,,,89
630,28.0,46840,65325.0,3,हुंबरणे,Humbarne,कणकवली,Kankavali,11.4,08:05,08:30,SC,DAILY,,rवरवडे,,,,,90
364,28.0,59418,65326.0,4,कणकवली,Kankavali,माईण,Maain,18,08:40,09:20,OBL,DAILY,,तरंदळे,,,,,91
365,28.0,59419,65327.0,5,माईण,Maain,कणकवली,Kankavali,18,09:30,10:10,SC,DAILY,,तरंदळे,,,,,92
77,28.0,128515,65328.0,3,कणकवली,Kankavali,कळसुली,Kalsuli,18.4,10:30,11:10,NON,DAILY,,हलवल शिरवळ,,,,,93
78,28.0,128516,65329.0,4,कळसुली,Kalsuli,कणकवली,Kankavali,18.4,11:20,12:00,NON,DAILY,,हलवल शिरवळ,,,,,94
,29.0,126556,65348.0,1,कणकवली,Kankavali,सावंतवाडी,,56.1,11:00,12:40,NON,DAILY,,सरळ,14.40 ते 15.45 विश्रांती,188.5,9h 50m,7h 40m,96
,29.0,126303,65349.0,2,सावंतवाडी,,कणकवली,Kankavali,58.7,13:00,14:50,NON,DAILY,,सरळ,,,,,97
67,29.0,10834,65745.0,5,कणकवली,Kankavali,दिगवळे,Digavale,24,16:00,17:00,SC,SUN,,,,,,,98
68,29.0,19180,65746.0,6,दिगवळे,Digavale,कणकवली,Kankavali,24,17:10,18:10,SC,SUN,,,,,,,99
79,29.0,59410,65354.0,7,कणकवली,Kankavali,आरे,Aare,25.7,19:00,20:10,OBL,DAILY,,बिडवाडी सांड्वे निरोम वस्ती,,,,,100
80,30.0,59411,65355.0,1,आरे,Aare,कणकवली,Kankavali,25.7,05:30,07:00,OBL,DAILY,,बुधवळे सांड्वे बिडवाडी,सहा तासात कर्त्यव्य संपते,131.3,6h 55m,6h 55m,102
71,30.0,10876,65356.0,2,कणकवली,Kankavali,शिरगाव,Shirgaon,35.2,07:10,08:40,NON,DAILY,,बिडवाडी सांडवे कुवळे साळशी,,,,,103
72,30.0,19418,65357.0,3,शिरगाव,Shirgaon,कणकवली,Kankavali,35.2,08:50,10:20,NON,DAILY,,बिडवाडी सांडवे कुवळे साळशी,,,,,104
519,30.0,11319,65358.0,4,कणकवली,Kankavali,असगणी चव्हाण दुकान,Asgani Chavan Dukan,17.6,10:30,11:10,NON,DAILY,TAPAL,सातरल  कसरल,,,,,105
520,30.0,19508,65359.0,5,असगणी चव्हाण दुकान,Asgani Chavan Dukan,कणकवली,Kankavali,17.6,11:20,12:00,NON,DAILY,TAPAL,सातरल  कसरल,,,,,106
,31.0,126556,65747.0,1,कणकवली,Kankavali,सावंतवाडी,Sawantwadi,56.1,11:30,13:10,OTHER,DAILY,,,,186.5,8h 50m,7h 30m,108
,31.0,126300,65748.0,2,सावंतवाडी,Sawantwadi,कणकवली,Kankavali,56.1,13:30,15:10,OTHER,DAILY,,,,,,,109
487,31.0,10846,65749.0,4,कणकवली,Kankavali,करंजे,Karanje,15,15:40,16:20,SC,SUN,,,,,,,110
488,31.0,19515,65750.0,5,करंजे,Karanje,कणकवली,Kankavali,15,16:30,17:10,SC,SUN,,,,,,,111
339,31.0,46837,65352.0,5,कणकवली,Kankavali,हुंबरणे,Humbarne,11.4,17:45,18:10,NON,DAILY,,वरवडे,,,,,112
340,31.0,46840,65353.0,6,हुंबरणे,Humbarne,कणकवली,Kankavali,11.4,18:20,18:45,NON,DAILY,,वरवडे,,,,,113
329,31/90,126315,65674.0,1,कणकवली,Kankavali,दारीस्ते,Dariste,21.5,05:20,06:00,SC,SUN,,कनेडी,09.50 ते 11.15 विश्रांती,,,,114
608,32.0,19572,65753.0,1,कणकवली,Kankavali,मालवण,Malvan,60.3,06:00,08:15,OTHER,DAILY,TAPAL,"मालडी,आंगणेवाडी",08.15 ते 08.45 विश्रांती,152.4,8h 35m,6h 45m,118
609,32.0,11030,65754.0,2,मालवण,Malvan,कणकवली,Kankavali,57.3,08:45,10:45,OTHER,DAILY,TAPAL,मालडी,,,,,119
609,32.0,10820,65755.0,1,कणकवली,Kankavali,भिरवंडे,Bhirvande,17.4,12:15,13:00,SC,DAILY,,,,,,,120
609,32.0,18847,65756.0,2,भिरवंडे,Bhirvande,कणकवली,Kankavali,17.4,13:10,13:50,SC,DAILY,,,,,,,121
264,33.0,46277,65517.0,1,कणकवली,Kankavali,ओटव,Otav,20,13:00,13:40,SC,DAILY,,,14.30 ते 16.15 विश्रांती,150.3,8h 25m,6h 40m,123
265,33.0,125563,65518.0,2,ओटव,Otav,कणकवली,Kankavali,20,13:50,14:30,OBL,DAILY,,,,,,,124
578,33.0,10844,65519.0,3,कणकवली,Kankavali,कनेडी,Kanedi,17.4,16:15,16:55,SC,DAILY,,भटवाडी,,,,,125
579,33.0,19170,65520.0,4,कनेडी,Kanedi,कणकवली,Kankavali,17.4,17:05,17:45,SC,DAILY,,,,,,,126
270,33.0,139601,65521.0,5,कणकवली,Kankavali,हुंबरणे,Humbarne,28.8,17:55,18:55,SC,DAILY,,via sakedi phonda harkul,,,,,127
271,33.0,125518,65522.0,6,हुंबरणे,Humbarne,फोंडा,Fonda,10,19:05,19:20,NON,DAILY,,,,,,,128
272,33.0,106446,65523.0,7,फोंडा,Fonda,रिंगेवाडी,,36.7,19:30,20:45,OBL,DAILY,,"वैभववाडी मार्गे,वस्ती",,,,,129
273,34.0,113212,65524.0,1,रिंगेवाडी,,खारेपाटण,Kharepatan,30,05:30,07:00,OBL,DAILY,,"तरळे,उंबर्डे efo.24.08.18 पासून 1.8 वाढ",10.35 ते 11.05 विश्रांती,169.1,8h 25m,7h 55m,131
273,34.0,113214,65525.0,2,खारेपाटण,Kharepatan,शिडवणे,Shidvane,12,07:10,07:35,SC,DAILY,,,,,,,132
273,34.0,113215,65526.0,3,शिडवणे,Shidvane,खारेपाटण,Kharepatan,12,07:45,08:10,SC,DAILY,,,,,,,133
276,34.0,19834,65527.0,4,खारेपाटण,Kharepatan,तरळे,Tarle,14.5,08:20,08:50,SC,DAILY,,सरळ,,,,,134
277,34.0,11242,65528.0,5,तरळे,Tarle,वैभववाडी,Vaibhavwadi,25.7,09:00,10:00,SC,DAILY,,नापणे रेल्वे स्टेशन,,,,,135
278,34.0,83316,65529.0,6,वैभववाडी,Vaibhavwadi,नावळे,Navale,11.4,10:10,10:35,SC,DAILY,,,,,,,136
279,34.0,19853,65530.0,7,नावळे,Navale,फोंडा,Fonda,27.9,11:05,12:05,SC,DAILY,,,,,,,137
280,34.0,92110,65531.0,8,फोंडा,Fonda,कणकवली,Kankavali,35.6,12:15,13:30,NON,DAILY,,हुंबरणे/कनेडी मार्गे,,,,,138
100,35.0,135738,65360.0,1,कणकवली,Kankavali,मौदे,Maude,71,11:00,13:20,NON,DAILY,TAPAL,"उंबर्डे,भुईबावडा,हेत",15.50 ते 17.00 विश्रांती,174.8,7h 50m,6h 40m,140
101,35.0,135739,65361.0,2,मौदे,Maude,कणकवली,Kankavali,71,13:30,15:50,NON,DAILY,TAPAL,"उंबर्डे,भुईबावडा,हेत",,,,,141
102,35.0,10815,65362.0,3,कणकवली,Kankavali,आयनल पिंपळवाडी,Aaynal Pimpalwadi,32.8,17:00,18:10,OBL,DAILY,,नांदगाव कोलोशी,,,,,142
103,36.0,19121,65363.0,1,आयनल पिंपळवाडी,Aaynal Pimpalwadi,कणकवली,Kankavali,32.1,06:40,07:40,OBL,DAILY,,नांदगाव कोलोशी,10.35 ते 12.00 विश्रांती,151.1,7h 45m,6h 40m,147
104,36.0,10809,65364.0,2,कणकवली,Kankavali,आयनल चव्हाटा,Aaynal Chavhata,18,07:50,08:30,NON,DAILY,TAPAL,तरंदळे भरणी,,,,,148
105,36.0,19158,65365.0,3,आयनल चव्हाटा,Aaynal Chavhata,कणकवली,Kankavali,18,08:35,09:15,NON,DAILY,TAPAL,तरंदळे भरणी,,,,,149
105,36.0,11333,65366.0,4,कणकवली,Kankavali,करूळ,,20.3,09:25,10:00,SC,SUN,,तिवरे  डामरे मार्गे,,,,,150
105,36.0,77684,65367.0,5,करूळ,,कणकवली,Kankavali,10.7,10:10,10:30,SC,SUN,,सरळ,,,,,151
105,36.0,125860,65368.0,1,कणकवली,Kankavali,बुधवळे,Budhavale,26,11:15,12:15,SC,SUN,,रामगड बेळणे श्रावण,,,,,152
105,36.0,125861,65369.0,2,बुधवळे,Budhavale,कणकवली,Kankavali,26,12:25,13:20,SC,SUN,,रामगड बेळणे श्रावण,,,,,153
483,37.0,11340,65379.0,1,कणकवली,Kankavali,शिरवळ,Shirval,9,08:00,08:20,NON,DAILY,,,,162,11h 35m,7h 50m,155
483,37.0,19421,65380.0,2,शिरवळ,Shirval,कणकवली,Kankavali,9,08:30,08:50,NON,DAILY,,,,,,,156
110,37.0,10852,65381.0,3,कणकवली,Kankavali,किर्लोस,Kirlos,20.3,09:00,09:40,NON,DAILY,,सातरल कासरल,,,,,157
111,37.0,19198,65382.0,4,किर्लोस,Kirlos,कणकवली,Kankavali,20.3,09:50,10:30,NON,DAILY,,सातरल कासरल,,,,,158
112,37.0,125504,65383.0,5,कणकवली,Kankavali,फोंडा,Fonda,17.9,13:30,14:00,NON,DAILY,,सरळ,,,,,159
113,37.0,11092,65384.0,6,फोंडा,Fonda,कुळये,Kulye,15,14:30,15:10,NON,DAILY,,खडकदरा,,,,,160
114,37.0,19819,65385.0,7,कुळये,Kulye,फोंडा,Fonda,15,15:20,16:00,NON,DAILY,,,,,,,161
115,37.0,90357,65386.0,8,फोंडा,Fonda,करूळ,Karul,8.2,16:20,16:35,SC,"SAT,SUN",,,,,,,162
116,37.0,90358,65387.0,9,करूळ,Karul,फोंडा,Fonda,8.2,16:40,16:55,SC,"SAT,SUN",,,,,,,163
117,37.0,59010,65388.0,10,फोंडा,Fonda,कणकवली,Kankavali,21.1,17:15,18:00,SC,DAILY,,साकेडी,,,,,164
118,37.0,10809,65389.0,7,कणकवली,Kankavali,आयनल,Aaynal,18,18:15,18:55,OBL,DAILY,,"भरणी/तरंदळे,वाघेवाडी,वस्ती",,,,,165
119,38.0,19158,65390.0,1,आयनल,Aaynal,कणकवली,Kankavali,18,06:30,07:10,OBL,DAILY,,"भरणी/तरंदळे,वाघेवाडी,वस्ती",सहा तासात कर्त्यव्य संपते,144.50000000000003,6h 25m,6h 25m,167
120,38.0,10872,65391.0,2,कणकवली,Kankavali,राजवाडी,Rajwadi,18.5,07:20,08:00,NON,DAILY,,कनेडी,,,,,168
121,38.0,19399,65392.0,3,राजवाडी,Rajwadi,कणकवली,Kankavali,18.5,08:10,08:50,NON,DAILY,,कनेडी,,,,,169
122,38.0,10815,65393.0,4,कणकवली,Kankavali,आयनल,Aaynal,32.8,09:00,10:10,OBL,DAILY,,,,,,,170
123,38.0,19121,65394.0,5,आयनल,Aaynal,कणकवली,Kankavali,32.1,10:20,11:30,SC,DAILY,,,,,,,171
606,38.0,11344,65395.0,6,कणकवली,Kankavali,तरंदळे,Tarandale,12.3,11:40,12:10,SC,"SAT,SUN",,,,,,,172
607,38.0,19436,65396.0,7,तरंदळे,Tarandale,कणकवली,Kankavali,12.3,12:20,12:50,SC,"SAT,SUN",,,,,,,173
124,39.0,46837,65397.0,1,कणकवली,Kankavali,हुंबरणे,Humbarne,11.4,13:00,13:25,SC,DAILY,,वरवडे,15.30 ते 16.00 विश्रांती,141.29999999999998,7h 55m,7h 15m,176
125,39.0,46840,65398.0,2,हुंबरणे,Humbarne,कणकवली,Kankavali,11.4,13:35,14:00,OBL,DAILY,,वरवडे,,,,,177
126,39.0,10865,65399.0,3,कणकवली,Kankavali,फोंडा,Fonda,30,14:20,15:30,NON,DAILY,,कनेडी/भिरवंडे,,,,,178
127,39.0,11092,65400.0,4,फोंडा,Fonda,कुळये,Kulye,15,16:00,16:40,NON,DAILY,,,,,,,179
128,39.0,19819,65401.0,5,कुळये,Kulye,फोंडा,Fonda,15,16:50,17:30,NON,DAILY,,,,,,,180
129,39.0,11089,65402.0,6,फोंडा,Fonda,गडगेसखळ,Gadgesakhal,4.1,17:40,17:50,SC,"SAT,SUN",,,,,,,181
130,39.0,19188,65403.0,7,गडगेसखळ,Gadgesakhal,फोंडा,Fonda,4.1,17:55,18:05,SC,"SAT,SUN",,,,,,,182
131,39.0,11086,65404.0,8,फोंडा,Fonda,मौदे,Maude,50.3,18:15,20:15,OBL,DAILY,,वैभववाडी भुईबावडा आखवणे bbभोम,,,,,183
132,40.0,19841,65405.0,1,मौदे,Maude,फोंडा,Fonda,50.3,06:45,08:45,OBL,DAILY,,वैभववाडी भुईबावडा आखवणे bbभोम,०८.४५  ते ०९.२०  विश्रांती,136.5,7h 10m,6h 40m,185
135,40.0,11092,65407.0,3,फोंडा,Fonda,कुळये,Kulye,15,09:50,10:30,NON,DAILY,,,,,,,187
136,40.0,19819,65408.0,4,कुळये,Kulye,फोंडा,Fonda,15,10:40,11:20,SC,DAILY,,,,,,,188
137,40.0,11092,65409.0,5,फोंडा,Fonda,कुळये,Kulye,15,11:30,12:10,SC,DAILY,,,,,,,189
138,40.0,46847,65410.0,6,कुळये,Kulye,कणकवली,Kankavali,33,12:20,13:30,NON,DAILY,,,,,,,190
139,41.0,109455,65411.0,1,कणकवली,Kankavali,मसुरे,Masure,35.8,13:15,14:30,NON,DAILY,TAPAL,बंदिवाडे कोइल,सहा तासात कर्त्यव्य संपते,146.3,6h 10m,6h 10m,192
140,41.0,121138,65412.0,2,मसुरे,Masure,कणकवली,Kankavali,35.8,14:40,15:55,NON,DAILY,,बंदिवाडे कोइल,,,,,193
141,41.0,10840,65413.0,3,कणकवली,Kankavali,जांभवडे,Jambhavade,74.7,16:05,18:35,OBL,DAILY,,फोंडा वैभवावाडी उंबर्डे भुईबावडा नर्ले,,,,,194
142,42.0,18976,65414.0,1,जांभवडे,Jambhavade,कणकवली,Kankavali,74.7,07:00,09:30,OBL,DAILY,,फोंडा वैभवावाडी उंबर्डे भुईबावडा नर्ले,10.30 ते 12.10 विश्रांती,163.5,7h 45m,6h 00m,196
43,42.0,11340,65415.0,2,कणकवली,Kankavali,आंब्रड,,17.8,09:45,10:05,NON,DAILY,गवसेवाडी,,,,,,197
44,42.0,19421,65416.0,3,आंब्रड,,कणकवली,Kankavali,17.8,10:10,10:30,NON,DAILY,गवसेवाडी,,,,,,198
145,42.0,10838,65417.0,4,कणकवली,Kankavali,मळेवाड घोडगे,Malewad Ghodge,26.6,12:10,13:10,OBL,DAILY,,हडे,,,,,199
146,42.0,18853,65418.0,5,मळेवाड घोडगे,Malewad Ghodge,कणकवली,Kankavali,26.6,13:20,14:20,OBL,DAILY,,हडे,,,,,200
147,43.0,10840,65419.0,1,कणकवली,Kankavali,जांभवडे,Jambhavade,74.7,12:30,15:00,NON,DAILY,,फोंडा वैभवावाडी उंबर्डे भुईबावडा नर्ले,17.00 ते 17.50 विश्रांती,168.5,8h 50m,7h 30m,205
148,43.0,60695,65420.0,2,जांभवडे,Jambhavade,वैभववाडी,Vaibhavwadi,42,15:10,17:00,NON,DAILY,,उंबर्डे भुईबावडा नर्ले,,,,,206
173,43.0,11250,65421.0,3,वैभववाडी,Vaibhavwadi,नापणे,Napane,9.7,17:50,18:05,SC,DAILY,,,,,,,207
174,43.0,19842,65422.0,4,नापणे,Napane,वैभववाडी,Vaibhavwadi,9.7,18:15,18:30,SC,DAILY,,,,,,,208
174,43.0,19855,65423.0,5,वैभववाडी,Vaibhavwadi,फोंडा,Fonda,17.4,18:40,19:20,NON,DAILY,,लॉरे,,,,,209
151,43.0,11095,65424.0,6,फोंडा,Fonda,कुळये,Kulye,15,20:00,20:40,OBL,DAILY,,वस्ती,,,,,210
152,44.0,46847,65425.0,1,कुळये,Kulye,कणकवली,Kankavali,33,06:30,07:40,OBL,DAILY,,,07.40 ते 08.40 विश्रांती,150.6,6h 40m,6h 35m,212
153,44.0,46868,65426.0,2,कणकवली,Kankavali,मालवण,Malvan,54.6,08:40,10:30,NON,DAILY,TAPAL,"आचरा,राणेवाडी",,,,,213
154,44.0,11025,65427.0,3,मालवण,Malvan,कणकवली,Kankavali,63,10:45,12:45,NON,DAILY,TAPAL,आचरा बांगवेवाडी त्रिमबक सापळा,,,,,214
155,45.0,59729,65428.0,1,कणकवली,Kankavali,मालवण,Malvan,60,13:30,15:40,NON,DAILY,,"त्रिंबक,बागवेवाडी आचरा",15.40 ते 16.10 विश्रांती,158.4,7h 15m,6h 45m,216
156,45.0,59730,65429.0,2,मालवण,Malvan,कणकवली रेल्वे स्टेशन,Kankavali Railway Station,63,16:10,18:40,NON,DAILY,,आचरा 16.40-17.15,,,,,217
157,45.0,10885,65430.0,3,कणकवली,Kankavali,वैभववाडी,Vaibhavwadi,35.4,18:50,20:05,OBL,DAILY,,"फोंडा,आचिर्णे मार्गे,वस्ती",,,,,218
158,46.0,59648,65431.0,1,वैभववाडी,Vaibhavwadi,कणकवली,Kankavali,35.4,06:00,07:00,OBL,DAILY,,फोंडा,10.30 ते 12.00 विश्रांती,130.20000000000002,7h 35m,5h 35m,220
160,46.0,125857,65432.0,3,कणकवली,Kankavali,थळकरवाडी,Thalkarwadi,15,07:40,08:10,NON,DAILY,TAPAL,हलवळ शिवडाव,,,,,221
161,46.0,125858,65433.0,4,थळकरवाडी,Thalkarwadi,कणकवली,Kankavali,15,08:20,08:50,SC,DAILY,TAPAL,हलवळ शिवडाव,,,,,222
162,46.0,10820,65434.0,5,कणकवली,Kankavali,भिरवंडे,Bhirvande,17.4,09:00,09:40,NON,DAILY,TAPAL,कानेडी,,,,,223
163,46.0,18847,65435.0,6,भिरवंडे,Bhirvande,कणकवली,Kankavali,17.4,09:50,10:30,NON,DAILY,TAPAL,कानेडी,,,,,224
402,46.0,125857,65436.0,7,कणकवली,Kankavali,थळकरवाडी,Thalkarwadi,15,12:00,12:30,NON,DAILY,,हलवळ शिवडाव,,,,,225
403,46.0,125858,65437.0,8,थळकरवाडी,Thalkarwadi,कणकवली,Kankavali,15,12:40,13:10,NON,DAILY,,हलवळ शिवडाव,,,,,226
166,मा.वि.,10885,65251.0,1,कणकवली,Kankavali,वैभववाडी,Vaibhavwadi,35.4,11:15,12:30,MV,DAILY,,सकपाळवाडी,15.30 ते 16.30विश्रांती,132.80000000000004,9h 05m,7h 05m,234
167,मा.वि.,125727,65252.0,2,वैभववाडी,Vaibhavwadi,शिराळे,Shirale,15,13:00,13:30,MV,DAILY,,,,,,,235
168,मा.वि.,125728,65253.0,3,शिराळे,Shirale,वैभववाडी,Vaibhavwadi,15,13:40,14:20,MV,DAILY,,,,,,,236
169,मा.वि.,83316,65254.0,4,वैभववाडी,Vaibhavwadi,नावळे,Navale,11.4,14:30,14:55,MV,DAILY,,,,,,,237
170,मा.वि.,83317,65255.0,5,नावळे,Navale,वैभववाडी,Vaibhavwadi,11.4,15:05,15:30,MV,DAILY,,,,,,,238
197,मा.वि.,83895,65256.0,6,वैभववाडी,Vaibhavwadi,कोकिसरे,Kokisare,5.2,16:15,16:25,MV,DAILY,,,,,,,239
198,मा.वि.,83896,65257.0,7,कोकिसरे,Kokisare,वैभववाडी,Vaibhavwadi,5.2,16:35,16:45,MV,DAILY,,,,,,,240
171,मा.वि.,83316,65258.0,8,वैभववाडी,Vaibhavwadi,नावळे,Navale,11.4,17:00,17:25,MV,DAILY,,,,,,,241
172,मा.वि.,83317,65259.0,9,नावळे,Navale,वैभववाडी,Vaibhavwadi,11.4,17:35,18:00,MV,DAILY,,,,,,,242
175,मा.वि.,83316,65260.0,10,वैभववाडी,Vaibhavwadi,नावळे,Navale,11.4,19:15,19:40,MV,DAILY,,वस्ती,,,,,243
176,मा.वि.,19853,65261.0,1,नावळे,Navale,फोंडा,Fonda,27.9,06:15,07:15,MV,DAILY,,वैभववाडी आचिर्णे लोरे,10.20 ते 11.00 विश्रांती,143.60000000000002,7h 55m,5h 55m,245
177,मा.वि.,19847,65262.0,2,फोंडा,Fonda,तरळा,Tarla,21,07:30,08:10,MV,DAILY,,गडमठ,,,,,246
178,मा.वि.,11238,65263.0,3,तरळा,Tarla,फोंडा,Fonda,21,08:20,09:00,MV,DAILY,,गडमठ,,,,,247
179,मा.वि.,11362,65264.0,4,फोंडा,Fonda,नावळे,Navale,27.9,09:20,10:20,MV,DAILY,,लोरे आचिर्णे वैभववाडी,,,,,248
180,मा.वि.,19853,65265.0,5,नावळे,Navale,फोंडा,Fonda,27.9,11:00,12:00,MV,DAILY,,वैभववाडी आचिर्णे लोरे,,,,,249
183,मा.वि.,125507,65266.0,6,फोंडा,Fonda,कणकवली,Kankavali,17.9,13:15,13:45,MV,DAILY,,saral (सरळ),,,,,250
184,49.0,128515,65450.0,1,कणकवली,Kankavali,कळसुली,Kalsuli,18.4,12:40,13:20,NON,DAILY,,"हळवल,शिरवळ मार्गे",16.40 ते 17.10 विश्रांती,167,9h 00m,8h 00m,252
185,49.0,128516,65451.0,2,कळसुली,Kalsuli,कणकवली,Kankavali,18.4,13:30,14:10,NON,DAILY,,"शिरवळ,हळवल मार्गे",,,,,253
186,49.0,125863,65452.0,3,कणकवली,Kankavali,कसाल,Kasal,24.3,14:30,15:30,NON,DAILY,,"आंब्रड,पोखरण,कुंदे",,,,,254
187,49.0,125865,65453.0,4,कसाल,Kasal,कणकवली,Kankavali,24.3,15:40,16:40,NON,DAILY,,"पोखरण,आंब्रड",,,,,255
188,49.0,125867,65454.0,5,कणकवली,Kankavali,कसाल,Kasal,31.5,17:15,18:25,NON,DAILY,,"शिरवळ,कळसुली",,,,,256
189,49.0,125865,65455.0,6,कसाल,Kasal,कणकवली,Kankavali,24.3,18:40,19:40,NON,DAILY,,आंब्रड,,,,,257
190,49.0,126336,65456.0,7,कणकवली,Kankavali,हुंबरणे,Humbarne,25.8,20:00,21:00,OBL,DAILY,,फोंडा मार्गे   वस्ती,,,,,258
191,50.0,126338,65457.0,1,हुंबरणे,Humbarne,कणकवली,Kankavali,25.8,06:10,07:10,OBL,DAILY,,phonda ६.३०,सहा तासात कर्त्यव्य संपते,167.8,6h 30m,6h 30m,260
192,50.0,135734,65458.0,2,कणकवली,Kankavali,मौदे,Maude,71,07:20,09:40,NON,DAILY,TAPAL,वेंगसर,,,,,261
193,50.0,135736,65459.0,3,मौदे,Maude,कणकवली,Kankavali,71,09:50,12:10,NON,DAILY,TAPAL,वेंगसर,,,,,262
,मा.वि.,10885,65267.0,1,कणकवली,Kankavali,वैभववाडी,Vaibhavwadi,35.4,11:15,12:15,MV,SUNDAY,,फोंडा लोरे आचिर्णे,,162.8,9h 25m,6h 35m,264
203,मा.वि.,138817,65268.0,2,वैभववाडी,Vaibhavwadi,मौदे,Maude,35.2,12:20,13:10,MV,SUNDAY,,उम्बर्दे भुइबावदा,,,,,265
204,मा.वि.,46918,65269.0,3,मौदे,Maude,वैभववाडी,Vaibhavwadi,35.2,13:20,14:30,MV,SUNDAY,,भुइबावडा हेत,,,,,266
204,मा.वि.,125727,65270.0,4,वैभववाडी,Vaibhavwadi,शिराळे,Shirale,15,17:15,17:55,MV,SUNDAY,,,,,,,267
204,मा.वि.,125728,65271.0,5,शिराळे,Shirale,वैभववाडी,Vaibhavwadi,15,18:05,18:45,MV,SUNDAY,,,,,,,268
204,मा.वि.,127404,65272.0,6,वैभववाडी,Vaibhavwadi,उपळे,Upale,27,19:00,20:00,MV,SUNDAY,,उम्बर्दे भुइबावदा हेत वस्ती,,,,,269
,52 मा.वि.,127405,65273.0,1,उपळे,Upale,वैभववाडी,Vaibhavwadi,27,06:00,07:00,MV,SUNDAY,,वेंगसंर  मंगवलि कोल्पे उम्बर्दे कुसुर मार्गे,09.00 ते 09.30 विश्रांती,161.1,8h 10m,6h 45m,271
203,52 मा.वि.,90332,65274.0,2,वैभववाडी,Vaibhavwadi,ऐनारी,Ainari,21,07:30,08:10,MV,SUNDAY,,उम्बर्दे भुइबावदा,,,,,272
204,52 मा.वि.,95074,65275.0,3,ऐनारी,Ainari,मौदे,Maude,21,08:20,09:00,MV,SUNDAY,,भुइबावडा हेत,,,,,273
205,52 मा.वि.,46918,65276.0,4,मौदे,Maude,वैभववाडी,Vaibhavwadi,35.2,09:30,11:00,MV,SUNDAY,,वेंगसंर  मंगवलि कोल्पे उम्बर्दे कुसुर,,,,,274
206,52 मा.वि.,95067,65277.0,5,वैभववाडी,Vaibhavwadi,कणकवली,Kankavali,56.9,11:45,13:45,MV,SUNDAY,,सडुरे शिराळे;कुळये;फोंडा.,,,,,275
585,53 मा.वि.,10840,65278.0,1,कणकवली,Kankavali,जांभवडे,Jambhavade,74.7,11:30,14:00,MV,SUNDAY,,फोंडा लोरे आचिर्णे कुसुर हेत नेर्ले,15.45 ते 16.15 विश्रांती,190.9,8h 25m,7h 45m,277
586,53 मा.वि.,83319,65279.0,2,जांभवडे,Jambhavade,वैभववाडी,Vaibhavwadi,38.2,14:15,15:45,MV,SUNDAY,,नेर्ले हेत कुसुर,,,,,278
586,53 मा.वि.,129095,65280.0,3,वैभववाडी,Vaibhavwadi,जांभवडे,Jambhavade,39,16:15,17:45,MV,SUNDAY,,कुसुर गवळवाडी भुइबावडा हेत नेर्ले,,,,,279
209,53 मा.वि.,95055,65281.0,4,जांभवडे,Jambhavade,दिक्षी,Dikshi,39,18:00,19:15,MV,SUNDAY,,नेर्ले हेत भुइबावडा उम्बर्दे वस्ती,,,,,280
210,मा.वि.,130534,65282.0,1,दिक्षी,Dikshi,खारेपाटण,Kharepatan,23.9,05:50,06:50,MV,SUNDAY,,तिथवलि मोसम,10.50 ते 11.45 विश्रांती,171.50000000000003,8h 35m,7h 30m,282
211,मा.वि.,90113,65283.0,2,खारेपाटण,Kharepatan,वैभववाडी,Vaibhavwadi,27,07:00,08:00,MV,SUNDAY,,तिहवलि दिक्षी कुसुर,,,,,283
212,मा.वि.,90336,65284.0,3,वैभववाडी,Vaibhavwadi,गडमठ,Gadmath,15,08:20,08:50,MV,SUNDAY,,खाम्बाले आचिर्णे,,,,,284
213,मा.वि.,90338,65285.0,4,गडमठ,Gadmath,वैभववाडी,Vaibhavwadi,17.4,09:00,09:35,MV,SUNDAY,,आचिर्णे खम्बाले ueesjs yebieuee,,,,,285
214,मा.वि.,130536,65286.0,5,वैभववाडी,Vaibhavwadi,चौधरीवाडी,,12.2,09:45,10:15,MV,SUNDAY,,"कुसुर गवळवाडी सुतारवाडी,चौधरीवाडी",,,,,286
215,मा.वि.,130537,65287.0,6,चौधरीवाडी,,वैभववाडी,Vaibhavwadi,12.2,10:25,10:50,MV,SUNDAY,,सुतारवाडी कुसुरगवळावाडी,,,,,287
216,मा.वि.,127402,65288.0,7,वैभववाडी,Vaibhavwadi,तिथवली,,14.2,11:45,12:15,MV,SUNDAY,,कुसुर  दिक्षी,,,,,288
217,मा.वि.,127403,65289.0,8,तिथवली,,वैभववाडी,Vaibhavwadi,14.2,12:25,12:50,MV,SUNDAY,,दिक्षी कुसुर,,,,,289
218,मा.वि.,"59648
",65290.0,9,वैभववाडी,Vaibhavwadi,कणकवली,Kankavali,35.4,13:00,14:00,MV,SUNDAY,,फोंडा,,,,,290
376,55.0,10834,65460.0,1,कणकवली,Kankavali,दिगवळे रांजणवाडी,Digavale Ranjanwadi,24,12:00,13:00,SC,DAILY,,,14.10 ते 14.40 विश्रांती,162.4,7h 15m,6h 45m,292
377,55.0,19180,65461.0,2,दिगवळे रांजणवाडी,Digavale Ranjanwadi,कणकवली,Kankavali,24,13:10,14:10,OBL,DAILY,,,,,,,293
221,55.0,58297,65462.0,3,कणकवली,Kankavali,निपाणी,Nipani,114.4,14:40,18:30,OBL,DAILY,,निपाणी वस्ती,,,,,294
222,56.0,58298,65463.0,1,निपाणी,Nipani,कणकवली,Kankavali,114.4,07:30,11:20,OBL,DAILY,,,11.20 ते 12.10 विश्रांती,166.00000000000003,7h 20m,6h 30m,296
219,56.0,126336,65464.0,2,कणकवली,Kankavali,हुंबरणे खुर्द,Humbarne Khurd,25.8,12:10,13:10,NON,DAILY,,,,,,,297
220,56.0,126338,65465.0,3,हुंबरणे खुर्द,Humbarne Khurd,कणकवली,Kankavali,25.8,13:20,14:20,NON,DAILY,,,,,,,298
225,57.0,59608,65466.0,1,कणकवली,Kankavali,तरळे,Tarle,34.1,13:00,14 10,OPRN,DAILY,,फोंडा पियाळी,15.40 ते 16.10 विश्रांती,168.70000000000002,7h 40m,6h 55m,300
226,57.0,11370,65467.0,2,तरळे,Tarle,भोळेवाडी,Bholewadi,19.6,14:20,15:05,SC,DAILY,,नाद,,,,,301
227,57.0,19839,65468.0,3,भोळेवाडी,Bholewadi,तरळे,Tarle,19.6,15:15,16:00,SC,DAILY,,नाद,,,,,302
227,57.0,125623,65469.0,4,तरळे,Tarle,ओझरम,Ozaram,8.5,16:10,16:25,SC,DAILY,,,,,,,303
227,57.0,19846,65470.0,5,ओझरम,Ozaram,तरळे,Tarle,8.5,16:30,16:45,SC,DAILY,,,,,,,304
228,57.0,125872,65471.0,6,तरळे,Tarle,खारेपाटण,Kharepatan,60.8,17:00,19:15,NON,DAILY,,पाटगाव म्हावळुंगे वारगांव,,,,,305
229,57.0,10912,65472.0,7,खारेपाटण,Kharepatan,पिंद्रावण,Pindravan,17.6,19:25,20:00,OBL,DAILY,,वस्ती,,,,,306
231,58.0,83894,65473.0,2,पिंद्रावण,Pindravan,खारेपाटण,Kharepatan,17.6,05:45,06:30,OBL,DAILY,,,,167.5,8h 05m,7h 25m,308
232,58.0,59219,65474.0,3,खारेपाटण,Kharepatan,बागवाडी,Bagwadi,18.1,06:40,07:20,NON,DAILY,,,,,,,309
233,58.0,49215,65475.0,4,बागवाडी,Bagwadi,खारेपाटण,Kharepatan,18.1,07:30,08:10,SC,DAILY,,,,,,,310
234,58.0,47381,65476.0,5,खारेपाटण,Kharepatan,वैभववाडी,Vaibhavwadi,20.1,08:20,09:05,SC,DAILY,,शिडवणे,,,,,311
234,58.0,125727,65477.0,6,वैभववाडी,Vaibhavwadi,शिराळे,Shirale,15,09:15,09:45,SC,DAILY,,,,,,,312
234,58.0,125728,65478.0,7,शिराळे,Shirale,वैभववाडी,Vaibhavwadi,15,09:55,10:25,SC,DAILY,,,,,,,313
235,58.0,11248,65479.0,8,वैभववाडी,Vaibhavwadi,खारेपाटण,Kharepatan,20.1,11:00,12:00,SC,DAILY,,शिडवणे,,,,,314
236,58.0,100891,65480.0,9,खारेपाटण,Kharepatan,कणकवली,Kankavali,43.5,12:10,13:25,NON,DAILY,,शिडवणे,,,,,315
237,59.0,104557,65489.0,1,तरळे,Tarle,तळेबाजार,Talebazar,41.4,13:00,14:35,NON,DAILY,98 च्या पुढील फेऱ्या,,17.10 ते 17.40 विश्रांती,141.1,7h 50m,6h 35m,317
238,59.0,104558,65490.0,2,तळेबाजार,Talebazar,तरळे,Tarle,41.4,14:45,16:25,NON,DAILY,,,,,,,318
239,59.0,11227,65491.0,3,तरळे,Tarle,खारेपाटण,Kharepatan,14.5,16:35,17:05,NON,DAILY,,,,,,,319
240,59.0,11349,65492.0,4,खारेपाटण,Kharepatan,कुणकवण,Kunkawan,10,17:40,17:55,SC,SUN,,,,,,,320
241,59.0,19821,65493.0,5,कुणकवण,Kunkawan,खारेपाटण,Kharepatan,10,18:05,18:20,NON,SUN,,,,,,,321
242,59.0,125713,65494.0,6,खारेपाटण,Kharepatan,मणचे,Manche,23.8,19:10,20:10,OBL,DAILY,,मणचे वस्ती,,,,,322
243,60.0,125714,65495.0,1,मणचे,Manche,खारेपाटण,Kharepatan,23.8,05:45,06:45,OBL,DAILY,,,08.35 ते 09.05 विश्रांती,158,7h 55m,7h 05m,325
244,60.0,10909,65496.0,2,खारेपाटण,Kharepatan,हातिवले,Hativale,13.3,07:20,07:50,SC,SUN,,,,,,,326
245,60.0,111193,65497.0,3,हातीवले,Hativale,खारेपाटण,Kharepatan,17.4,08:00,08:35,SC,SUN,,जुवाटी,,,,,327
246,60.0,10914,65498.0,4,खारेपाटण,Kharepatan,तांबळवाडी,Tambalwadi,15,09:00,09:30,NON,DAILY,,शेवडे,,,,,328
247,60.0,91647,65499.0,5,तांबळवाडी,Tambalwadi,खारेपाटण,Kharepatan,15,09:40,10:15,SC,DAILY,,,,,,,329
248,60.0,10869,65500.0,6,खारेपाटण,Kharepatan,उंबर्डे,Umbarde,18,10:45,11:20,SC,SUN,,,,,,,330
249,60.0,90330,65501.0,7,उंबर्डे,Umbarde,खारेपाटण,Kharepatan,18,11:30,12:05,SC,SUN,,,,,,,331
249,60.0,125871,65502.0,6,खारेपाटण,Kharepatan,कणकवली,Kankavali,37.5,12:15,13:15,NON,DAILY,,tarala,,,,,332
250,61.0,125870,65503.0,1,कणकवली,Kankavali,खारेपाटण,Kharepatan,37.5,10:15,11:15,NON,DAILY,,"नांदगाव,तरळे",15.20 ते 16.30विश्रांती,161.2,9h 20m,7h 15m,334
251,61.0,125713,65504.0,2,खारेपाटण,Kharepatan,मणचे,Manche,23.8,12:15,13:15,SC,DAILY,,,,,,,335
252,61.0,125714,65505.0,3,मणचे,Manche,खारेपाटण,Kharepatan,23.8,13:25,14:25,NON,DAILY,,,,,,,336
253,61.0,19834,65506.0,4,खारेपाटण,Kharepatan,तरळे,Tarle,14.5,14:40,15:20,SC,DAILY,,,,,,,337
254,61.0,59551,65507.0,5,तरळे,Tarle,शेळाचीवाडी,Shelachiwadi,27,16:30,17:30,SC,"SAT,SUN",,शेळीचीवाडी,,,,,338
255,61.0,126114,65508.0,6,शेळाचीवाडी,Shelachiwadi,तरळे,Tarle,15,17:40,18:05,SC,"SAT,SUN",,,,,,,339
256,61.0,11370,65509.0,7,तरळे,Tarle,भोळेवाडी,Bholewadi,19.6,18:15,18:55,OBL,DAILY,,वस्ती,,,,,340
257,62.0,11839,65510.0,1,भोळेवाडी,Bholewadi,तरळे,Tarle,19.6,05:50,06:30,OBL,DAILY,,,10.30 ते 11.10 विश्रांती,154.10000000000002,7h 20m,6h 40m,342
257,62.0,11236,65511.0,2,तरळे,Tarle,पाटगाव,Patgaon,18.8,06:40,07:20,OBL,DAILY,,UNDIL,,,,,343
257,62.0,19850,65512.0,3,पाटगाव,Patgaon,तरळे,Tarle,39.8,07:30,09:00,SC,DAILY,,,,,,,344
260,62.0,11370,65513.0,4,तरळे,Tarle,भोळेवाडी,Bholewadi,19.6,09:10,09:50,SC,DAILY,,नाद,,,,,345
261,62.0,60606,65514.0,5,भोळेवाडी,Bholewadi,तरळे,Tarle,15,10:00,10:30,SC,DAILY,,,,,,,346
262,62.0,11238,65515.0,6,तरळे,Tarle,फोंडा,Fonda,21,11:10,11:50,NON,DAILY,,गडमठ,,,,,347
263,62.0,19387,65516.0,7,फोंडा,Fonda,कणकवली,Kankavali,20.3,12:00,12:45,NON,DAILY,,तिवरे,,,,,348
330,63/90,128563,65675.0,2,दारीस्ते,Dariste,फोंडा,Fonda,26.7,06:10,07:10,SC,SUN,,हरकुळ,,218.1,11h 15m,9h 30m,354
474,63/90,11093,65676.0,3,फोंडा,Fonda,मोहूळ,Mohul,11,07:20,07:45,SC,SUN,,,,,,,355
475,63/90,19840,65677.0,4,मोहूळ,Mohul,फोंडा,Fonda,11,07:55,08:20,SC,SUN,,,,,,,356
331,63/90,125516,65678.0,5,फोंडा,Fonda,हुंबरणे,Humbarne,10,08:45,09:00,SC,SUN,,,,,,,357
332,63/90,125518,65679.0,6,हुंबरणे,Humbarne,फोंडा,Fonda,10,09:10,09:25,SC,SUN,,,,,,,358
333,63/90,59688,65680.0,7,फोंडा,Fonda,गांगोसेवाडी,Gangosewadi,2.5,09:35,09:40,SC,SUN,,,,,,,359
334,63/90,59689,65681.0,8,गांगोसेवाडी,Gangosewadi,फोंडा,Fonda,2.5,09:45,09:50,SC,SUN,,,,,,,360
335,63/90,106009,65682.0,9,फोंडा,Fonda,खारेपाटण,,36,11:15,12:20,SC,SUN,,"गडमठ ,तरळा",,,,,361
335,मा.वि. 63,10911,65683.0,1,खारेपाटण,,रिंगेवाडी,Ringewadi,45.4,12:35,14:20,SC,SUN,,क्रू 90 च्या पुढील फेऱ्या व्हाया नानिवडे तिथवली उंबर्डे,16.45 ते 17.15 विश्रांती,,,,362
335,मा.वि.,11330,65684.0,2,रिंगेवाडी,Ringewadi,वैभववाडी,,21,14:30,15:05,SC,SUN,,उंबर्डे,,,,,363
335,मा.वि.,59508,65685.0,3,वैभववाडी,,भुईबावडा,,15,15:15,16:00,SC,SUN,,गवळीवाडी,,,,,364
335,मा.वि.,90105,65686.0,4,भुईबावडा,,वैभववाडी,,15,16:10,16:40,SC,SUN,,गवळीवाडी,,,,,365
335,मा.वि.,126450,65687.0,5,वैभववाडी,,करूळ,,12,16:45,17:10,SC,SUN,,,,,,,366
,मा.वि. 64/63,67592,65688.0,6,करूळ,,वैभववाडी,,9,05:45,06:00,SC,SUN,,,,163.6,8h 00m,7h 15m,370
,मा.वि. 64/63,90106,65689.0,7,वैभववाडी,,भुईबावडा,,18,06:10,06:40,SC,SUN,,उंबर्डे,,,,,371
,मा.वि.,90105,65690.0,1,भुईबावडा,,वैभववाडी,,15,07:00,07:30,SC,SUN,,,10.45 ते 11.15 विश्रांती,,,,372
,मा.वि.,83316,65691.0,2,वैभववाडी,,नावळे,Navale,11.4,08:00,08:25,SC,SUN,,,,,,,373
,मा.वि.,83317,65692.0,3,नावळे,Navale,वैभववाडी,,11.4,08:35,09:00,SC,SUN,,,,,,,374
,मा.वि.,126450,65693.0,4,वैभववाडी,,करूळ,,12,09:10,09:35,SC,SUN,,सोनळी,,,,,375
,मा.वि.,67592,65694.0,5,करूळ,,वैभववाडी,,12,09:45,10:10,SC,SUN,,सोनळी,,,,,376
,मा.वि.,83895,65695.0,6,वैभववाडी,Vaibhavwadi,कोकिसरे,Kokisare,5.2,10:20,10:30,SC,SUN,,,,,,,377
,मा.वि.,83896,65696.0,7,कोकिसरे,Kokisare,वैभववाडी,Vaibhavwadi,5.2,10:35,10:45,SC,SUN,,,,,,,378
,मा.वि.,126444,65697.0,8,वैभववाडी,,तरळा,,14.5,11:15,11:45,SC,SUN,,,,,,,379
,मा.वि.,216445,65698.0,9,तरळा,,वैभववाडी,,14.5,11:55,12:25,SC,SUN,,,,,,,380
,मा.वि.,59648,65699.0,10,वैभववाडी,,कणकवली,Kankavali,35.4,12:35,13:35,SC,SUN,,फोंडा,,,,,381
283,65 मा.वि.,135734,65291.0,1,कणकवली,Kankavali,मौदे,Maude,71,14:00,16:30,MV,DAILY,,"फोंडा,वै.वाडी मांगवलि वेंगसर",सहा तासात कर्त्यव्य संपते,127.6,6h 20m,5h 20m,384
284,65 मा.वि.,46918,65292.0,2,मौदे,Maude,वैभववाडी,Vaibhavwadi,35.2,16:50,18:10,MV,DAILY,,वेंगसर मांगवलि कुसुर,,,,,385
285,65 मा.वि.,11382,65293.0,3,वैभववाडी,Vaibhavwadi,नाणीवडे,Nanivade,21.4,19:00,19:40,MV,DAILY,,उम्बर्दे कोलपे तिथवलि वस्ती,,,,,386
286,मा.वि.,19854,65294.0,1,नाणीवडे,Nanivade,वैभववाडी,Vaibhavwadi,21.4,06:10,06:55,MV,DAILY,change f 07.12.23,तिथवलि कोलपे उम्बर्डे,10.30 ते 11.00 विश्रांती,171.4,8h 35m,8h 20m,393
287,मा.वि.,11249,65295.0,2,वैभववाडी,Vaibhavwadi,मगमवाडी,Magamwadi,7.8,07:10,07:25,MV,DAILY,,सांगुळ्वाडी,,,,,394
288,मा.वि.,19836,65296.0,3,मगमवाडी,Magamwadi,वैभववाडी,Vaibhavwadi,7.8,07:35,07:50,MV,DAILY,,सांगुळ्वाडी,,,,,395
289,मा.वि.,125727,65297.0,4,वैभववाडी,Vaibhavwadi,शिराळे,Shirale,15,08:00,08:35,MV,DAILY,,,,,,,396
290,मा.वि.,125728,65298.0,5,शिराळे,Shirale,वैभववाडी,Vaibhavwadi,15,08:45,09:20,MV,DAILY,,,,,,,397
291,मा.वि.,11252,65299.0,6,वैभववाडी,Vaibhavwadi,वेंगासार फाटा,,19,09:30,10.10.,MV,SUN,व्हाया कातकरवाडी,कुसुर,,,,,398
292,मा.वि.,46942,65300.0,7,वेंगासार फाटा,,वैभववाडी,Vaibhavwadi,13,10:20,10:50,MV,SUN,,कुसुर,,,,,399
293,मा.वि.,11250,65301.0,8,वैभववाडी,Vaibhavwadi,नापणे,Napane,9.7,11:00,11:15,MV,DAILY,,,,,,,400
294,मा.वि.,19842,65302.0,9,नापणे,Napane,वैभववाडी,Vaibhavwadi,9.7,11:25,11:40,MV,DAILY,,,,,,,401
295,मा.वि.,126444,65303.0,10,वैभववाडी,Vaibhavwadi,तरळे,Tarle,14.5,11:50,12:20,MV,DAILY,,सरळ,,,,,402
296,मा.वि.,125623,65304.0,11,तरळा,Tarla,ओझरम,Ozaram,8.5,12:30,12:45,MV,DAILY,,दारुम,,,,,403
297,मा.वि.,46945,65305.0,12,ओझरम,Ozaram,कणकवली,Kankavali,30,12:55,14:00,MV,DAILY,,तरळा नांदगाव,,,,,404
298,67.0,125870,65532.0,1,कणकवली,Kankavali,खारेपाटण,Kharepatan,37.5,11:00,12:00,NON,DAILY,,,13.55 ते 14.30 विश्रांती,160.1,8h 25m,7h 25m,407
299,67.0,10912,65533.0,2,खारेपाटण,Kharepatan,पिंद्रावण,Pindravan,17.6,12:10,13:00,SC,DAILY,,,,,,,408
300,67.0,83894,65534.0,3,पिंद्रावण,Pindravan,खारेपाटण,Kharepatan,17.6,13:05,13:55,SC,DAILY,,,,,,,409
301,67.0,59219,65535.0,4,खारेपाटण,Kharepatan,बागवाडी,Bagwadi,18.1,14:30,15:10,SC,DAILY,,पोंभुर्ले,,,,,410
302,67.0,49215,65536.0,5,बागवाडी,Bagwadi,खारेपाटण,Kharepatan,18.1,15:20,16:00,NON,DAILY,,पोंभुर्ले,,,,,411
303,67.0,59219,65537.0,6,खारेपाटण,Kharepatan,बागवाडी,Bagwadi,18.1,16:30,17:10,SC,DAILY,,पोंभुर्ले,,,,,412
304,67.0,49215,65538.0,7,बागवाडी,Bagwadi,खारेपाटण,Kharepatan,18.1,17:20,18:00,NON,DAILY,,पोंभुर्ले,,,,,413
305,67.0,10914,65539.0,8,खारेपाटण,Kharepatan,तांबळवाडी,Tambalwadi,15,18:15,18:45,OBL,DAILY,,शेवडे ना.आ.   वस्ती,,,,,414
306,68.0,59435,65540.0,1,तांबळवाडी,Tambalwadi,तरळे,Tarle,29.5,05:45,06:45,OBL,DAILY,,शेवडे खारेपाटण,10.25 ते 11.00 विश्रांती,157.8,7h 30m,6h 45m,416
307,68.0,11226,65541.0,2,तरळे,Tarle,गडीतांहणे,Gaditamhane,32.4,07:00,08:10,SC,DAILY,,,,,,,417
308,68.0,19511,65542.0,3,गडीतांहणे,Gaditamhane,तरळे,Tarle,32.4,08:20,09:30,SC,DAILY,,,,,,,418
309,68.0,125623,65543.0,4,तरळे,Tarle,ओझरम,Ozaram,8.5,09:45,10:00,SC,DAILY,,,,,,,419
310,68.0,19846,65544.0,5,ओझरम,Ozaram,तरळे,Tarle,8.5,10:10,10:25,NON,DAILY,,,,,,,420
311,68.0,11240,65545.0,6,तरळे,Tarle,शिडवणे,Shidvane,12,11:00,11:25,SC,DAILY,,,,,,,421
312,68.0,126345,65546.0,7,शिडवणे,Shidvane,कणकवली,Kankavali,34.5,11:35,12:50,NON,DAILY,,,,,,,422
337,69.0,11342,65547.0,1,कणकवली,Kankavali,तोंडवली तळाशिल,Tondavali Talashil,51.4,12:00,14:10,NON,DAILY,,"तोंडवली/बौद्धवाडी,पाडलोस",15.50 ते 16.45 विश्रांती,163.6,8h 55m,7h 45m,424
338,69.0,126348,65548.0,2,तोंडवली तळाशिल,Tondavali Talashil,कणकवली,Kankavali,45.4,14:20,15:50,NON,DAILY,,,,,,,425
627,69.0,10863,65549.0,3,कणकवली,Kankavali,चाफेड,Chafed,27.8,17:00,18:15,SC,SUN,,main,,,,,426
628,69.0,10886,65550.0,4,चाफेड,Chafed,कणकवली,Kankavali,15,18:25,19:05,SC,SUN,,,,,,,427
341,69.0,10833,65551.0,5,कणकवली,Kankavali,नाटळ,Natal,24,19:15,20:15,OBL,DAILY,,वस्ती,,,,,428
342,70.0,59054,65552.0,1,नाटळ,Natal,कणकवली,Kankavali,24,06:00,07:00,OBL,DAILY,,,11.30 ते 12.00 विश्रांती,151,7h 55m,7h 05m,430
398,70.0,10834,65553.0,2,कणकवली,Kankavali,दिगवळे,Digavale,24,07:30,08:30,SC,DAILY,,,,,,,431
399,70.0,19180,65554.0,3,दिगवळे,Digavale,कणकवली,Kankavali,24,08:40,09:40,SC,DAILY,,,,,,,432
360,70.0,126315,65555.0,4,कणकवली,Kankavali,दारीस्ते,Dariste,21.5,09:50,10:30,NON,DAILY,,कानेडी,,,,,433
361,70.0,126314,65556.0,5,दारीस्ते,Dariste,कणकवली,Kankavali,21.5,10:40,11:20,NON,DAILY,,शिवडाव थळकरवाडी,,,,,434
348,70.0,10809,65557.0,6,कणकवली,Kankavali,आयनल,Aaynal,18,12:00,12:40,SC,DAILY,,भरणी,,,,,435
349,70.0,19158,65558.0,7,आयनल,Aaynal,कणकवली,Kankavali,18,12:50,13:30,NON,DAILY,,,,,,,436
350,71.0,10856,65559.0,1,कणकवली,Kankavali,मसुरे,Masure,42.1,11:15,12:35,NON,DAILY,,"कसाल,ओवळिये,विरण",14.05 ते 15.00 विश्रांती,185.9,9h 10m,7h 50m,438
351,71.0,19370,65560.0,2,मसुरे,Masure,कणकवली,Kankavali,42.1,12:45,14:05,NON,DAILY,,"विरण,ओवळिये,कसाल",,,,,439
352,71.0,10866,65561.0,3,कणकवली,Kankavali,फोंडा,Fonda,20.3,15:00,15:45,NON,DAILY,,तिवरे,,,,,440
353,71.0,19847,65562.0,4,फोंडा,Fonda,तरळे,Tarle,21,16:00,16:45,SC,DAILY,,गडमठ,,,,,441
354,71.0,11238,65563.0,5,तरळे,Tarle,फोंडा,Fonda,21,17:00,17:45,SC,DAILY,,गडमठ,,,,,442
355,71.0,125507,65564.0,6,फोंडा,Fonda,कणकवली,Kankavali,17.9,18:00,18:30,NON,DAILY,,सरळ,,,,,443
356,71.0,126313,65565.0,7,कणकवली,Kankavali,दारीस्ते,Dariste,21.5,19:00,19:45,OBL,DAILY,,"हळवल,शिवडाव  वस्ती",,,,,444
357,72.0,126314,65566.0,1,दारीस्ते,Dariste,कणकवली,Kankavali,21.5,06:10,06:55,OBL,DAILY,,,14.05 ते 15.00 विश्रांती,138.7,7h 35m,7h 00m,446
358,72.0,90005,65567.0,2,कणकवली,Kankavali,सोनवडे,Sonavade,26.6,07:30,08:40,SC,DAILY,,,,,,,447
359,72.0,90006,65568.0,3,सोनवडे,Sonavade,कणकवली,Kankavali,26.6,08:50,10:00,SC,DAILY,,,,,,,448
106,72.0,46453,65569.0,4,कणकवली,Kankavali,कुंदे,Kunde,20,10:10,10:55,NON,DAILY,,,,,,,449
107,72.0,46457,65570.0,5,कुंदे,Kunde,कणकवली,Kankavali,20,11:05,11:50,NON,DAILY,,,,,,,450
27,72.0,11338,65571.0,6,कणकवली,Kankavali,साकेडी,Sakedi,12,12:10,12:40,NON,DAILY,,,,,,,451
28,72.0,19413,65572.0,7,साकेडी,Sakedi,कणकवली,Kankavali,12,12:50,13:20,NON,DAILY,,,,,,,452
400,73.0,126354,65573.0,1,कणकवली,Kankavali,पिसेकामते,Pisekamate,11.6,10:00,10:25,SC,SUN,,,16.00 ते 16.30 विश्रांती,144.7,11h 00m,7h 10m,454
401,73.0,126355,65574.0,2,पिसेकामते,Pisekamate,कणकवली,Kankavali,11.6,10:35,11:00,SC,SUN,,,,,,,455
481,73.0,10875,65575.0,3,कणकवली,Kankavali,गुरववाडी (दारीस्ते),Guravwadi (Dariste),18.2,14:30,15:10,NON,DAILY,,शिवडाव,,,,,456
482,73.0,10864,65576.0,4,गुरववाडी (दारीस्ते),Guravwadi (Dariste),कणकवली,Kankavali,18.2,15:20,16:00,NON,DAILY,,शिवडाव,,,,,457
619,73.0,10819,65577.0,5,कणकवली,Kankavali,नरडवे,Naradve,29.2,16:30,17:40,SC,DAILY,,भेडोवाडी,,,,,458
620,73.0,19371,65578.0,6,नरडवे,Naradve,कणकवली,Kankavali,29.2,17:50,19:00,NON,DAILY,,,,,,,459
370,73.0,126330,65579.0,7,कणकवली,Kankavali,नरडवे,Naradve,26.7,19:10,20:20,OBL,DAILY,,नरडवे वस्ती,,,,,460
371,74.0,126331,65580.0,1,नरडवे,Naradve,कणकवली,Kankavali,26.7,05:50,07:00,OBL,DAILY,,,09.40 ते 10.30 विश्रांती,133.5,7h 15m,6h 45m,462
372,74.0,126330,65581.0,2,कणकवली,Kankavali,नरडवे,Naradve,26.7,07:10,08:20,SC,DAILY,,,,,,,463
373,74.0,126331,65582.0,3,नरडवे,Naradve,कणकवली,Kankavali,26.7,08:30,09:40,SC,DAILY,,,,,,,464
374,74.0,126330,65583.0,4,कणकवली,Kankavali,नरडवे,Naradve,26.7,10:10,11:20,NON,DAILY,,,,,,,465
375,74.0,126331,65584.0,5,नरडवे,Naradve,कणकवली,Kankavali,26.7,11:30,12:40,NON,DAILY,,,,,,,466
281,75.0,11329,65448.0,1,कणकवली,Kankavali,किर्लोस,Kirlos,20.3,12:30,13:15,NON,DAILY,,ताठर बाव,,162.4,8h 50m,7h 45m,473
282,75.0,19197,65449.0,2,किर्लोस,Kirlos,कणकवली,Kankavali,20.3,13:25,14:10,NON,DAILY,,ताठर बाव,,,,,474
378,75.0,128515,65585.0,3,कणकवली,Kankavali,कळसुली,Kalsuli,18.4,14:20,15:00,NON,DAILY,,शिरवळ,,,,,475
379,75.0,128516,65586.0,4,कळसुली,Kalsuli,कणकवली,Kankavali,18.4,15:10,15:50,NON,DAILY,,,,,,,476
380,75.0,125857,65774.0,5,कणकवली,Kankavali,थळकरवाडी,Thalkarwadi,15,16:10,16:40,SC,DAILY,,,,,,,477
381,75.0,129370,65775.0,6,थळकरवाडी,Thalkarwadi,कणकवली,Kankavali,17.8,16:50,17:25,SC,DAILY,,,,,,,478
381,75.0,10820,65751.0,7,कणकवली,Kankavali,भिरवंडे,Bhirvande,17.4,17:45,18:25,NON,DAILY,,kanedi (कनेडी),,,,,479
381,75.0,18847,65752.0,8,भिरवंडे,Bhirvande,कणकवली,Kankavali,17.4,18:35,19:10,NON,DAILY,,kanedi (कनेडी),,,,,480
384,75.0,10820,65589.0,9,कणकवली,Kankavali,भिरवंडे,Bhirvande,17.4,20:00,20:40,OBL,DAILY,,वस्ती,,,,,481
385,76.0,18847,65590.0,1,भिरवंडे,Bhirvande,कणकवली,Kankavali,17.4,06:00,06:40,OBL,DAILY,,,09.00 ते 09.30 विश्रांती,136.6,6h 40m,6h 05m,484
386,76.0,83969,65591.0,2,कणकवली,Kankavali,फोंडा,Fonda,24.4,06:50,07:50,NON,DAILY,TAPAL,करंजे,,,,,485
387,76.0,83970,65592.0,3,फोंडा,Fonda,कणकवली,Kankavali,24.4,08:00,09:00,NON,DAILY,TAPAL,करंजे,,,,,486
388,76.0,10876,65593.0,4,कणकवली,Kankavali,काजरघाटी,,35.2,09:30,10:45,SC,DAILY,,,,,,,487
389,76.0,19418,65594.0,5,काजरघाटी,,कणकवली,Kankavali,35.2,11:00,12:15,SC,DAILY,,,,,,,488
390,77.0,10833,65595.0,1,कणकवली,Kankavali,नाटळ,Natal,24,12:00,13:00,SC,DAILY,,,13.55 ते 14.30 विश्रांती,150,7h 55m,6h 55m,490
391,77.0,59050,65596.0,2,नाटळ,Natal,कणकवली,Kankavali,21,13:10,13:55,NON,DAILY,,,,,,,491
392,77.0,11335,65597.0,3,कणकवली,Kankavali,ओटव,Otav,20.2,14:30,15:10,NON,DAILY,,"तरंदळे,माईण",,,,,492
393,77.0,19368,65598.0,4,ओटव,Otav,कणकवली,Kankavali,20.2,15:20,16:00,NON,DAILY,,"तरंदळे,माईण",,,,,493
394,77.0,10852,65599.0,5,कणकवली,Kankavali,किर्लोस,Kirlos,20.3,16:10,16:50,SC,SUN,,,,,,,494
395,77.0,19198,65600.0,6,किर्लोस,Kirlos,कणकवली,Kankavali,20.3,17:00,17:40,SC,SUN,,,,,,,495
396,77.0,10834,65601.0,7,कणकवली,Kankavali,दिगवळे,Digavale,24,18:15,19:15,OBL,DAILY,,दिगवळे वस्ती,,,,,496
397,78.0,19180,65602.0,1,दिगवळे,Digavale,कणकवली,Kankavali,24,06:15,07:15,OBL,DAILY,,,13.55 ते 14.30 विश्रांती,124,5h 50m,5h 45m,498
397,78.0,139592,65603.0,2,कणकवली,Kankavali,आचरा,,32.6,07:30,08:40,NON,DAILY,,,,,,,499
397,78.0,139593,65604.0,3,आचरा,,कणकवली,Kankavali,32.6,08:50,10:00,NON,DAILY,,,,,,,500
479,78.0,10844,65605.0,4,कणकवली,Kankavali,कनेडी,Kanedi,17.4,10:10,10:50,SC,DAILY,,"भाट,दिवा देवी",,,,,501
480,78.0,19218,65606.0,5,कनेडी,Kanedi,कणकवली,Kankavali,17.4,11:00,11:40,SC,DAILY,,,,,,,502
442,79.0,125870,65607.0,1,कणकवली,Kankavali,खारेपाटण,Kharepatan,37.5,11:30,12:30,NON,DAILY,,,15.30 ते 16.00 विश्रांती,199.50000000000003,7h 40m,7h 00m,504
367,79.0,125871,65608.0,2,खारेपाटण,Kharepatan,कणकवली,Kankavali,37.5,12:45,13:45,NON,DAILY,,,,,,,505
404,79.0,125556,65609.0,3,कणकवली,Kankavali,देवगड,Devgad,53.3,14:00,15:30,NON,DAILY,,,,,,,506
405,79.0,125555,65610.0,4,देवगड,Devgad,कणकवली,Kankavali,53.3,16:00,17:30,NON,DAILY,TAPAL,,,,,,507
406,79.0,10854,65611.0,5,कणकवली,Kankavali,कुंभवडे,,17.9,17:45,18:30,OBL,DAILY,,खलांतर वस्ती,,,,,508
407,80.0,19195,65612.0,1,कुंभवडे,,कणकवली,Kankavali,17.9,06:00,06:45,OBL,DAILY,,,09.00 ते 09.30 विश्रांती,130,7h 50m,6h 30m,511
408,80.0,128515,65613.0,2,कणकवली,Kankavali,कळसुली,Kalsuli,18.4,07:30,08:10,SC,DAILY,,,,,,,512
409,80.0,128516,65614.0,3,कळसुली,Kalsuli,कणकवली,Kankavali,18.4,08:20,09:00,SC,DAILY,,,,,,,513
410,80.0,103499,65615.0,4,कणकवली,Kankavali,कनेडी,Kanedi,18,09:30,10:10,SC,SUN,,करूळ,,,,,514
411,80.0,126356,65616.0,5,कनेडी,Kanedi,कणकवली,Kankavali,18,10:20,11:00,SC,SUN,,,,,,,515
412,80.0,125863,65617.0,6,कणकवली,Kankavali,कसाल,Kasal,24.3,11:45,12:45,SC,DAILY,,कसवण तळवडे आंब्रड,,,,,516
413,80.0,59603,65618.0,7,कसाल,Kasal,कणकवली,Kankavali,15,13:00,13:25,SC,DAILY,,,,,,,517
414,81.0,59410,65619.0,6,कणकवली,Kankavali,आरे,Aare,25.7,12:00,13:10,SC,DAILY,,"बिडवाडी सांडवे,निरोम",,134.5,7h 40m,6h 40m,519
415,81.0,59411,65620.0,7,आरे,Aare,कणकवली,Kankavali,25.7,13:20,14:30,SC,DAILY,,"निरोम,सांडवे बिडवाडी",,,,,520
416,81.0,10867,65621.0,3,कणकवली,Kankavali,फोंडा,Fonda,21.1,15:00,15:45,NON,DAILY,,साकेडी,,,,,521
417,81.0,19390,65622.0,4,फोंडा,Fonda,कणकवली,Kankavali,35.4,16:15,17:20,NON,DAILY,,व्हाया मोहूळ,,,,,522
418,81.0,10838,65623.0,5,कणकवली,Kankavali,घोटगे,Ghotge,26.6,18:00,19:00,OBL,DAILY,,वस्ती,,,,,523
419,82.0,18853,65624.0,1,घोटगे,Ghotge,कणकवली,Kankavali,26.6,06:00,07:00,OBL,DAILY,,,08.40 ते 09.15 विश्रांती,133,7h 35m,6h 35m,525
420,82.0,10811,65625.0,2,कणकवली,Kankavali,आंब्रड,Ambrad,12,07:30,08:00,SC,DAILY,,DATTAMADIR NEW ROUT KM VADHATAT,,,,,526
421,82.0,18842,65626.0,3,आंब्रड,Ambrad,कणकवली,Kankavali,12,08:10,08:40,SC,DAILY,,DATTAMADIR NEW ROUT KM VADHATAT,,,,,527
422,82.0,10819,65627.0,4,कणकवली,Kankavali,नरडवे,Naradve,29.2,09:15,10:25,NON,DAILY,TAPAL,भेर्देवाडी,,,,,528
423,82.0,19371,65628.0,5,नरडवे,Naradve,कणकवली,Kankavali,29.2,10:35,11:45,NON,DAILY,TAPAL,भेर्देवाडी,,,,,529
424,82.0,10859,65629.0,6,कणकवली,Kankavali,नारकरवाडी,Narkarwadi,12,12:00,12:30,SC,DAILY,,,,,,,530
425,82.0,19375,65630.0,7,नारकरवाडी,Narkarwadi,कणकवली,Kankavali,12,12:40,13:10,SC,DAILY,,,,,,,531
426,83.0,83969,65631.0,1,कणकवली,Kankavali,फोंडा,Fonda,24.4,11:00,12:00,NON,DAILY,TAPAL,करंजे,14.45 ते 16.45 विश्रांती,166,10h 35m,8h 00m,540
427,83.0,11093,65632.0,2,फोंडा,Fonda,मोहूळ,Mohul,11,12:15,12:40,SC,DAILY,,,,,,,541
428,83.0,19840,65633.0,3,मोहूळ,Mohul,फोंडा,Fonda,11,12:50,13:15,SC,DAILY,,,,,,,542
429,83.0,83970,65634.0,4,फोंडा,Fonda,कणकवली,Kankavali,24.4,13:45,14:45,NON,DAILY,TAPAL,,,,,,543
430,83.0,46277,65635.0,5,कणकवली,Kankavali,ओटव,Otav,20,16:45,17:25,SC,DAILY,,सावडाव,,,,,544
431,83.0,125563,65636.0,6,ओटव,Otav,कणकवली,Kankavali,20,17:35,18:15,SC,DAILY,,सावडाव,,,,,545
432,83.0,128515,65637.0,7,कणकवली,Kankavali,कळसुली,Kalsuli,18.4,18:25,19:05,NON,DAILY,,,,,,,546
433,83.0,128516,65638.0,8,कळसुली,Kalsuli,कणकवली,Kankavali,18.4,19:15,19:55,NON,DAILY,,,,,,,547
434,83.0,128515,65639.0,9,कणकवली,Kankavali,कळसुली,Kalsuli,18.4,20:15,20:55,OBL,DAILY,,कळसुली वस्ती,,,,,548
435,84.0,128516,65640.0,1,कळसुली,Kalsuli,कणकवली,Kankavali,18.4,06:10,06:50,OBL,DAILY,,,08.35 ते 09.15 विश्रांती,130.9,7h 20m,6h 15m,550
436,84.0,50239,65641.0,2,कणकवली,Kankavali,निरोम,Nirom,17.9,07:00,07:40,SC,DAILY,TAPAL,"बिडवाडी,सांडवे",,,,,551
437,84.0,50240,65642.0,3,निरोम,Nirom,कणकवली,Kankavali,21,07:50,08:35,SC,DAILY,TAPAL,"सांडवे,रामगड",,,,,552
438,84.0,128515,65643.0,4,कणकवली,Kankavali,कळसुली,Kalsuli,18.4,09:15,09:55,NON,DAILY,,,,,,,553
439,84.0,128516,65644.0,5,कळसुली,Kalsuli,कणकवली,Kankavali,18.4,10:05,10:45,NON,DAILY,,,,,,,554
440,84.0,128515,65645.0,6,कणकवली,Kankavali,कळसुली,Kalsuli,18.4,11:20,12:00,NON,DAILY,,शिरवळ,,,,,555
441,84.0,128516,65646.0,7,कळसुली,Kalsuli,कणकवली,Kankavali,18.4,12:10,12:50,NON,DAILY,,,,,,,556
366,85.0,120387,65647.0,1,कणकवली IDL.,Kankavali IDL.,तरळे,Tarle,33,13:45,15:00,SC,SUN,,,17.30 ते 18.00 विश्रांती,152.5,7h 55m,7h 25m,558
531,85.0,126445,65648.0,2,तरळे,Tarle,वैभववाडी,Vaibhavwadi,14.5,15:10,15:40,SC,SUN,,,,,,,559
532,85.0,126444,65649.0,3,वैभववाडी,Vaibhavwadi,तरळे,Tarle,14.5,15:50,16:20,SC,SUN,,,,,,,560
445,85.0,59620,65650.0,4,तरळे,Tarle,पियाळी गावठाण,Piyali Gaothan,11.5,16:30,16:55,SC,SUN,,,,,,,561
446,85.0,59621,65651.0,5,पियाळी गावठाण,Piyali Gaothan,तरळे,Tarle,11.5,17:05,17:30,SC,SUN,,,,,,,562
447,85.0,19815,65652.0,6,तरळे,Tarle,कणकवली,Kankavali,47.5,18:00,19:40,NON,DAILY,,"पियाळी,फोंडा,नांदगाव",,,,,563
448,85.0,46453,65653.0,7,कणकवली,Kankavali,कुंदे,Kunde,20,19:50,20:30,OBL,DAILY,,"आंब्रड,पोखरण  वस्ती",,,,,564
449,86.0,46457,65654.0,1,कुंदे,Kunde,कणकवली,Kankavali,20,06:10,06:55,OBL,DAILY,,,09.40 ते 10.10 विश्रांती,141.5,6h 35m,6h 05m,569
450,86.0,10866,65655.0,2,कणकवली,Kankavali,फोंडा,Fonda,20.3,07:05,07:50,SC,DAILY,,,,,,,570
451,86.0,11092,65656.0,3,फोंडा,Fonda,कुळये,Kulye,15,08:00,08:30,SC,DAILY,,,,,,,571
452,86.0,46847,65657.0,4,कुळये,Kulye,कणकवली,Kankavali,33,08:40,09:40,SC,DAILY,,,,,,,572
453,86.0,10838,65658.0,5,कणकवली,Kankavali,घोडगे,Ghodge,26.6,10:10,11:10,SC,DAILY,,,,,,,573
454,86.0,18853,65659.0,6,घोडगे,Ghodge,कणकवली,Kankavali,26.6,11:20,12:20,NON,DAILY,,,,,,,574
65,87.0,115852,65438.0,1,कणकवली,Kankavali,भटवाडी,Bhatwadi,11.4,13:45,14:10,NON,DAILY,,भाट दुकान,16.40 ते 17.10 विश्रांती,137.60000000000002,6h 40m,6h 10m,576
66,87.0,125853,65439.0,2,भटवाडी,Bhatwadi,कणकवली,Kankavali,11.4,14:20,14:45,NON,DAILY,,भाट दुकान,,,,,577
455,87.0,126556,65440.0,3,कणकवली,Kankavali,सावंतवाडी,Sawantwadi,56.1,15:00,16:40,NON,DAILY,,सरळ,,,,,578
456,87.0,126303,65441.0,4,सावंतवाडी,Sawantwadi,कणकवली,Kankavali,58.7,17:10,18:55,NON,DAILY,,सिंधुदुर्गनगरी,,,,,579
550,88.0,11338,65660.0,1,कणकवली,Kankavali,साकेडी,Sakedi,12,05:40,06:05,SC,SUN,,,10.20 ते 11.00 विश्रांती,164.7,8h 15m,7h 20m,581
551,88.0,19413,65661.0,2,साकेडी,Sakedi,कणकवली,Kankavali,12,06:15,06:40,SC,SUN,,,,,,,582
461,88.0,10881,65662.0,3,कणकवली,Kankavali,तरळे,Tarle,36.7,06:50,08:05,SC,DAILY,,फोंडा पियाळी,,,,,583
462,88.0,120352,65663.0,4,तरळे,Tarle,बागवाडी,Bagwadi,35.9,08:15,09:30,SC,DAILY,,,,,,,584
463,88.0,49215,65664.0,5,बागवाडी,Bagwadi,खारेपाटण,Kharepatan,18.1,09:40,10:20,SC,DAILY,,,,,,,585
464,88.0,11349,65665.0,6,खारेपाटण,Kharepatan,कुणकवण,Kunkawan,10,11:00,11:15,SC,DAILY,,,,,,,586
465,88.0,19821,65666.0,7,कुणकवण,Kunkawan,खारेपाटण,Kharepatan,10,11:25,11:40,SC,DAILY,,,,,,,587
466,88.0,10914,65667.0,8,खारेपाटण,Kharepatan,तांबळवाडी,,15,12:00,12:30,SC,DAILY,,शेवडे,,,,,588
467,88.0,91647,65668.0,9,तांबळवाडी,,खारेपाटण,Kharepatan,15,12:40,13:10,SC,DAILY,,शेवडे,,,,,589
468,89.0,19835,65669.0,1,खारेपाटण,Kharepatan,तळेरे,Talere,25.4,13:30,14:30,SC,DAILY,,,10.20 ते 11.00 विश्रांती,148.9,7h 45m,7h 15m,591
469,89.0,11372,65670.0,2,तळेरे,Talere,शिराळे,Shirale,29.5,14:40,15:45,SC,DAILY,,,,,,,592
470,89.0,59510,65671.0,3,शिराळे,Shirale,कणकवली,Kankavali,51.7,15:55,18:10,SC,DAILY,,वैभववाडी फोंडा डांमरे,,,,,593
471,89.0,83969,65672.0,4,कणकवली,Kankavali,फोंडा,Fonda,24.4,18:40,19:40,SC,DAILY,,करंजे फोंडा,,,,,594
472,89.0,125507,65673.0,5,फोंडा,Fonda,कणकवली,Kankavali,17.9,19:50,20:30,NON,DAILY,,,,,,,595
343,91.0,10878,65700.0,1,कणकवली,Kankavali,तळवडे,Talvade,9,07:20,07:35,SC,SUN,,,07.55 ते 08.40 विश्रांती,192.4,11h 55m,7h 30m,598
344,91.0,19234,65701.0,2,तळवडे,Talvade,कणकवली,Kankavali,9,07:40,07:55,SC,SUN,,,,,,,599
344,91.0,125504,65702.0,3,कणकवली,Kankavali,फोंडा,Fonda,17.9,08:30,09:00,NON,DAILY,,,,,,,600
344,91.0,19387,65703.0,4,फोंडा,Fonda,कणकवली,Kankavali,20.3,09:10,09:50,NON,DAILY,,,,,,,601
75,91.0,126556,65704.0,5,कणकवली,Kankavali,सावंतवाडी,Sawantwadi,56.1,13:00,14:40,OTHER,DAILY,,,,,,,602
76,91.0,126300,65705.0,6,सावंतवाडी,Sawantwadi,कणकवली,Kankavali,56.1,14:50,16:30,OTHER,DAILY,,,,,,,603
489,91.0,10811,65706.0,7,कणकवली,Kankavali,आंब्रड,Ambrad,12,17:20,17:50,SC,DAILY,,,,,,,604
490,91.0,18842,65707.0,8,आंब्रड,Ambrad,कणकवली,Kankavali,12,18:00,18:30,SC,DAILY,,,,,,,605
509,92.0,125556,65715.0,1,कणकवली,Kankavali,देवगड,Devgad,53.3,06:15,07:45,OTHER,DAILY,,,09.30 ते 10.00 विश्रांती,213.2,8h 00m,7h 05m,607
510,92.0,125555,65716.0,2,देवगड,Devgad,कणकवली,Kankavali,53.3,08:00,09:30,OTHER,DAILY,TAPAL,,,,,,608
511,92.0,125556,65717.0,3,कणकवली,Kankavali,देवगड,Devgad,53.3,10:00,11:30,OTHER,DAILY,,,,,,,609
512,92.0,125555,65718.0,4,देवगड,Devgad,कणकवली,Kankavali,53.3,12:00,13:30,OTHER,DAILY,,,,,,,610
,93.0,125870,65757.0,,कणकवली,Kankavali,खारेपाटण,Kharepatan,37,09:00,10:00,SC,SUN,,,,,,,617
,93.0,11350,65758.0,,खारेपाटण,Kharepatan,पोंभुर्ले,Pombhurle,15,11:45,12:20,SC,SUN,,,,,,,618
,93.0,49209,65759.0,,पोंभुर्ले,Pombhurle,खारेपाटण,Kharepatan,15,12:30,13:05,SC,SUN,,,,,,,619
,93.0,90331,65760.0,,खारेपाटण,Kharepatan,उंबर्डे,Umbarde,18,15:45,16:15,SC,SUN,,मोसम,,,,,620
,93.0,90330,65761.0,,उंबर्डे,Umbarde,खारेपाटण,Kharepatan,21,16:30,17:10,SC,SUN,,कातकरवाडी तिथवली,,,,,621
,93.0,90331,65762.0,,खारेपाटण,Kharepatan,उंबर्डे,Umbarde,18,17:30,18:00,SC,SUN,,,,,,,622
,93.0,95066,65763.0,,उंबर्डे,Umbarde,कणकवली,Kankavali,55,18:10,19:45,SC,SUN,,मोसम खारेपाटण तरळे,,179,11h 30m,7h 00m,623
541,94.0,10682,M4539,1,कणकवली,Kankavali,बेळगाव,Belgaum,159.1,07:15,12:00,,,,,,318.2,11h 30m,10h 00m,625
542,,39199,M4540,2,बेळगाव,Belgaum,कणकवली,Kankavali,159.1,12:30,17:15,,,,,,,,,627
345,95.0,125504,65370.0,1,कणकवली,Kankavali,फोंडा,Fonda,17.9,08:15,08:50,NON,"SAT,SUN",,,,185.49999999999997,10h 10m,7h 45m,629
346,95.0,126350,65371.0,2,फोंडा,Fonda,सिंधुदुर्गनगरी,Sindhudurgnagari,39.6,09:00,10:10,NON,"SAT,SUN",,,,,,,630
347,95.0,59042,65372.0,3,सिंधुदुर्गनगरी,Sindhudurgnagari,कणकवली,Kankavali,24,10:20,11:05,NON,"SAT,SUN",,,,,,,631
347,95.0,145429,65373.0,1,कणकवली,Kankavali,मधुदुकान,,20.3,12:00,12:45,NON,"SAT,SUN",,osargav bordave amrad madhudukan,,,,,632
347,95.0,83971,65374.0,2,मधुदुकान,,कणकवली,Kankavali,20.3,12:55,13:40,NON,"SAT,SUN",,osargav bordave amrad,,,,,633
505,95.0,10884,65375.0,3,कणकवली,Kankavali,उत्सुर्ला,Utsurla,4,14:15,14:25,SC,"SAT,SUN",,,,,,,634
506,95.0,127406,65376.0,4,उत्सुर्ला,Utsurla,कनेडी,Kanedi,21.2,14:30,15:15,SC,"SAT,SUN",,,,,,,635
507,95.0,138822,65377.0,5,डिसोझा हाऊस,Dsouza House,दारीस्ते,Dariste,16.7,15:25,16:10,SC,"SAT,SUN",,१५.५० ते १६.३० राजवाड़ी येथील विद्यार्थी घेवुन दारिस्ते येथे जाणे.,,,,,636
508,95.0,126316,65378.0,6,दारीस्ते,Dariste,कणकवली,Kankavali,21.5,16:55,17:40,SC,"SAT,SUN",,कनेडी,,,,,637
525,96.0,10870,65727.0,1,कणकवली,Kankavali,फोंडा,Fonda,30.6,05:30,06:30,SC,DAILY,,नांदगाव,10.20 ते 10.50 विश्रांती,201,8h 30m,8h 00m,641
526,96.0,83970,65728.0,2,फोंडा,Fonda,कणकवली,Kankavali,24.4,06:40,07:40,SC,DAILY,,करंजे/नागवे,,,,,642
527,96.0,10841,65729.0,3,कणकवली,Kankavali,जांभवडे,Jambhavade,73,07:50,10:20,OTHER,DAILY,TAPAL,फोंडा/वै.वाडी भुईबावडा,,,,,643
528,96.0,18972,65730.0,4,जांभवडे,Jambhavade,कणकवली,Kankavali,73,10:50,13:20,OTHER,DAILY,TAPAL,फोंडा- 12.15 -12.20,,,,,644
497,97.0,11328,65708.0,1,कणकवली,Kankavali,कनेडी,Kanedi,12.7,06:45,07:15,SC,SUN,,,10.05 ते 13.00 विश्रांती,204.7,11h 55m,8h 00m,647
498,97.0,127407,65709.0,2,कनेडी,Kanedi,उत्सुर्ला,Utsurla,21.2,07:25,08:05,SC,SUN,,आईडियल,,,,,648
499,97.0,67590,65710.0,3,उत्सुर्ला,Utsurla,कणकवली,Kankavali,4,08:15,08:25,SC,SUN,,,,,,,649
523,97.0,126556,65711.0,5,कणकवली,Kankavali,सावंतवाडी,Sawantwadi,56.1,10:00,11:40,OTHER,DAILY,,,,,,,650
524,97.0,126303,65712.0,6,सावंतवाडी,Sawantwadi,कणकवली,Kankavali,58.7,12:00,13:45,OTHER,DAILY,,सिंधुदुर्गनगरी,,,,,651
524,97.0,125860,65713.0,1,कणकवली,Kankavali,बुधवळे,Budhavale,26,16:00,16:55,SC,SUN,,रामगड बेळणे श्रावण,,,,,652
524,97.0,125861,65714.0,2,बुधवळे,Budhavale,कणकवली,Kankavali,26,17:00,17:55,SC,SUN,,रामगड बेळणे श्रावण,,,,,653
491,98.0,10859,65481.0,1,कणकवली,Kankavali,नारकरवाडी,Narkarwadi,12,05:50,06:20,NON,DAILY,,,10.05 ते 10.35 विश्रांती,168.5,8h 00m,7h 10m,655
492,98.0,19376,65482.0,2,नारकरवाडी,Narkarwadi,कणकवली,Kankavali,16.2,06:30,07:00,SC,DAILY,,,,,,,656
493,98.0,11339,65483.0,3,कणकवली,Kankavali,शिरवली,Shirawali,32.5,07:10,08:20,SC,DAILY,,,,,,,657
494,98.0,72501,65484.0,4,शिरवली,Shirawali,तरळे,Tarle,12,08:30,08:55,SC,DAILY,,,,,,,658
494,98.0,59620,65485.0,5,तरळे,Tarle,पियाळी गावठाण,Piyali Gaothan,11.5,09:05,09:30,SC,DAILY,,पियाळी गावठाण,,,,,659
494,98.0,59621,65486.0,6,पियाळी गावठाण,Piyali Gaothan,तरळे,Tarle,11.5,09:40,10:05,SC,DAILY,,,,,,,660
495,98.0,11375,65487.0,7,तरळे,Tarle,कालवी,Kalvi,36.4,10:35,11:35,NON,DAILY,,10.00 नाणीवडे,,,,,661
496,98.0,59462,65488.0,8,कालवी,Kalvi,तरळे,Tarle,36.4,11:45,12:45,NON,DAILY,,yemegve येणे,,,,,662
,99.0,10859,65770.0,3,कणकवली,Kankavali,नारकरवाडी,Narkarwadi,12,08:40,09:05,NON,DAILY,,,,178,11h 10m,8h 00m,666
,99.0,19375,65771.0,4,नारकरवाडी,Narkarwadi,कणकवली,Kankavali,12,09:15,09:40,NON,DAILY,,,,,,,667
,99.0,71147,65772.0,,कणकवली,Kankavali,मालवण,,45,11:30,13:00,OTHER,SUN,,,,,,,668
,99.0,71136,65773.0,,मालवण,,कणकवली,Kankavali,45,13:45,15:15,OTHER,SUN,,,,,,,669
77,99.0,128515,65350.0,3,कणकवली,Kankavali,कळसुली,Kalsuli,18.4,15:45,16:30,SC,DAILY,,हलवल शिरवळ,,,,,670
78,99.0,128516,65351.0,4,कळसुली,Kalsuli,कणकवली,Kankavali,18.4,16:40,17:25,SC,DAILY,,हलवल शिरवळ,,,,,671
382,99.0,138878,65776.0,7,कणकवली,Kankavali,नारकरवाडी,Narkarwadi,15.2,17:50,18:20,SC,DAILY,,,,,,,672
383,99.0,19375,65777.0,8,नारकरवाडी,Narkarwadi,कणकवली,Kankavali,12,18:30,19:05,NON,DAILY,,,,,,,673
600,100.0,93246,65733.0,1,कणकवली,Kankavali,कसाल हिवाळे,Kasal Hivale,33,06:00,07:15,SC,DAILY,,"कसवण,आंब्रड",10.35 ते 12.15 विश्रांती,174.4,9h 45m,8h 00m,679
601,100.0,127413,65734.0,2,हिवाळे कसाल,Hivale Kasal,पोखरण,Pokharan,20.9,07:25,08:05,SC,DAILY,,,,,,,680
602,100.0,47334,65735.0,3,पोखरण,Pokharan,कसाल,Kasal,12.2,08:15,08:45,SC,DAILY,,,,,,,681
603,100.0,59676,65736.0,4,कसाल,Kasal,शिरवळ,Shirval,20,08:55,09:40,SC,SUN,,कळसुली,,,,,682
604,100.0,59677,65737.0,5,शिरवळ,Shirval,कसाल,Kasal,24,09:50,10:35,SC,SUN,,"कळसुली,कसाल",,,,,683
605,100.0,125865,65738.0,6,कसाल,Kasal,कणकवली,Kankavali,24.3,12:15,13:15,SC,DAILY,,"पोखरण,आंब्रड",,,,,684
605,100.0,46453,65739.0,7,कणकवली,Kankavali,कुंदे,Kunde,20,13:30,14:10,SC,DAILY,,कुंदेपायथळ,,,,,685
605,100.0,46457,65740.0,8,कुंदे,Kunde,कणकवली,Kankavali,20,14:20,15:00,SC,SUN,,,,,,,686
,101.0,10845,s65799,1,कणकवली,Kankavali,कनेडी,Kanedi,17.4,12:30,13:05,,,नागवे दिवा देवी,नागवे दिवा देवी,16.15 ते 17.15 विश्रांती,,,,688
,101.0,19170,s65800,2,कनेडी,Kanedi,कणकवली,Kankavali,17.4,13:10,13:45,,,दिवा देवी नागवे,दिवा देवी नागवे,,,,,689
641,101.0,59642,65743.0,3,कणकवली,Kankavali,उत्सुर्ला फोंडा,Utsurla Fonda,25.9,14:15,15:10,SC,SUN,,,,,,,690
642,101.0,125507,65744.0,4,फोंडा,Fonda,कणकवली,Kankavali,17.9,15:20,15:50,SC,SUN,,,,,,,691
455,101.0,126532,65587.0,5,कणकवली,Kankavali,सावंतवाडी,Sawantwadi,58.7,16:00,17:45,OBL,DAILY,,सिंधुदुर्गनगरी,,,,,692
456,101.0,126303,65588.0,6,सावंतवाडी,Sawantwadi,कणकवली,Kankavali,58.7,18:00,19:45,OBL,DAILY,TAPAL,सिंधुदुर्गनगरी,,,,,693
456,101.0,11335,65778.0,7,कणकवली,Kankavali,ओटव,Otav,20.2,20:00,20:40,SC,SUN,,तरंदळे माईण,,216.2,8h 50m,8h 10m,694
,102.0,19368,65779.0,1,ओटव,Otav,कणकवली,Kankavali,20.2,06:00,06:40,SC,SUN,,तरंदळे माईण,,144,6h 25m,6h 15m,696
637,102.0,11343,65741.0,2,कणकवली,Kankavali,तरळा,Tarla,22.5,07:00,07:30,SC,SUN,,,08.50 ते 14.15 विश्रांती,,,,697
638,102.0,120388,65742.0,3,तरळा,Tarla,आयडियल स्कू.,,33,07:40,08:50,SC,SUN,,,,,,,698
638,102.0,126315,65780.0,4,कणकवली,Kankavali,दारीस्ते,Dariste,21.5,09:00,09:40,SC,SUN,कनेडी,,,,,,699
638,102.0,128576,65781.0,5,दारीस्ते,Dariste,कणकवली,Kankavali,24,09:50,10:40,SC,SUN,राजवाडी कनेडी,,,,,,700
638,102.0,100863,65782.0,6,कणकवली,Kankavali,कनेडी,,11.4,11:00,11:25,OTHER,SUN,,,,,,,701
638,102.0,59600,65783.0,7,कनेडी,,कणकवली,Kankavali,11.4,11:35,12:00,OTHER,SUN,,,,,,,702
513,103.0,46874,65719.0,1,कणकवली,Kankavali,मालवण,Malvan,56.9,06:00,07:45,OTHER,DAILY,TAPAL,आचरा,10.35 ते 12.15 विश्रांती,173.29999999999998,9h 30m,7h 30m,706
514,103.0,11025,65720.0,2,मालवण,Malvan,कणकवली,Kankavali,63,08:15,10:35,OTHER,DAILY,TAPAL,,,,,,707
515,103.0,126330,65721.0,3,कणकवली,Kankavali,नरडवे,Naradve,26.7,12:15,13:25,SC,DAILY,,,,,,,708
516,103.0,126331,65722.0,4,नरडवे,Naradve,कणकवली,Kankavali,26.7,13:35,14:45,SC,DAILY,,,,,,,709
548,104.0,19403,65731.0,1,कणकवली,Kankavali,jlveeefiejer,jlveeefiejer,132.2,06:30,10:15,OTHER,DAILY,,,10.15 ते 10.45 विश्रांती,264.4,8h 30m,8h 00m,711
549,104.0,11097,65732.0,2,jlveeefiejer,jlveeefiejer,कणकवली,Kankavali,132.2,10:45,14:30,OTHER,DAILY,,,,,,,712
521,105.0,126556,65723.0,1,कणकवली,Kankavali,सावंतवाडी,Sawantwadi,58.7,06:00,07:45,OTHER,DAILY,TAPAL,सिंधुदुर्गनगरी,11.00 ते 12.00 विश्रांती,191.4,7h 45m,6h 35m,714
522,105.0,126303,65724.0,2,सावंतवाडी,Sawantwadi,कणकवली,Kankavali,58.7,08:00,09:45,OTHER,DAILY,,सिंधुदुर्गनगरी,,,,,715
522,105.0,125870,65725.0,3,कणकवली,Kankavali,खारेपाटण,,37,10:00,11:00,OTHER,DAILY,,,,,,,716
522,105.0,125871,65726.0,4,खारेपाटण,,कणकवली,Kankavali,37,12:00,13:00,OTHER,DAILY,,,,,,,717
621,106.0,10682,M4541,1,कणकवली,Kankavali,बेळगाव,Belgaum,159.1,10:30,15:20,OTHER,DAILY,,,,318.2,11h 25m,10h 00m,719
4,,39199,M4542,2,बेळगाव,Belgaum,कणकवली,Kankavali,159.1,17:00,21:25,OTHER,DAILY,,,,,,,721
,107.0,125504,65764.0,,कणकवली,Kankavali,फोंडा,Fonda,17.9,06:15,06:45,SC,SUN,,,,130.8,8h 15m,7h 05m,723
,107.0,19390,65765.0,,फोंडा,Fonda,कणकवली,Kankavali,35.4,07:00,08:15,SC,SUN,,हुंबरणे करंजे कनेडी,,,,,724
500,107.0,126313,65766.0,4,कणकवली,Kankavali,थळकरवाडी,,17.6,08:45,09:25,SC,SUN,,थळकरवाडी,,,,,725
501,107.0,125858,65767.0,5,थळकरवाडी,,कणकवली,Kankavali,15,09:35,10:35,SC,SUN,,राजवाडी कानेडी मार्गे,,,,,726
501,107.0,108675,65768.0,,कणकवली,Kankavali,फोंडा,Fonda,27,12:00,13:00,SC,SUN,,,,,,,727
501,107.0,125507,65769.0,,फोंडा,Fonda,कणकवली,Kankavali,17.9,13:15,13:45,SC,SUN,,,,,,,728
,108.0,11139,65442.0,1,कणकवली,Kankavali,सावडाव ओटव,Sawadav Otav,20,05:30,06:00,SC,SUN,,बिडवाडी,११.५० 0 ते १२.३०  विश्रांती,172.8,9h 10m,8h 00m,730
,108.0,18298,65443.0,2,ओटव-सावडाव,Otav-Sawadav,कणकवली,Kankavali,20,06:10,06:50,SC,SUN,,बिडवाडी,,,,,731
,108.0,126556,65444.0,3,कणकवली,Kankavali,सावंतवाडी,Sawantwadi,56.1,07:00,08:40,NON,DAILY,,सरळ,,,,,732
,108.0,126303,65445.0,4,सावंतवाडी,Sawantwadi,कणकवली,Kankavali,58.7,09:00,10:45,NON,DAILY,,सिंधुदुर्गनगरी,,,,,733
143,108.0,10878,65446.0,5,कणकवली,Kankavali,तळवडे,Talvade,9,11:15,11:30,NON,DAILY,,,,,,,734
144,108.0,19234,65447.0,6,तळवडे,Talvade,कणकवली,Kankavali,9,11:35,11:50,NON,DAILY,,,,,,,735
,109.0,,3628.0,,कणकवली (लातूर),Kankavali (Latur),बांदा,Banda,68.1,07:00,08:45,,,,,,161.39999999999998,11h 35m,5h 25m,737
,109.0,,65785.0,,बांदा,Banda,सावंतवाडी,Sawantwadi,12.6,08:50,09:05,,,,,,,,,738
,109.0,,65784.0,,सावंतवाडी,Sawantwadi,बांदा,Banda,12.6,15:15,15:30,,,,,,,,,739
,109.0,,3627\1,,बांदा,Banda,कणकवली (लातूर),Kankavali (Latur),68.1,15:45,17:50,,,,,,,,,740
,110.0,,3627\1,,कणकवली (बांदा),Kankavali (Banda),मिरज,Miraj,168.2,18:15,22:45,,,,,,168.2,5h 15m,4h 35m,742
,111.0,,,,मिरज,Miraj,लातूर,Latur,330.2,23:00,07:05,,,,,,330.2,8h 35m,8h 05m,744
,112.0,,3628.0,,लातूर,Latur,मिरज,Miraj,330.2,18:15,02:25,,,,,,330.2,8h 40m,8h 10m,746
,113.0,,,,मिरज,Miraj,कणकवली (बांदा),Kankavali (Banda),168.2,02:40,06:35,,,,,,168.2,4h 25m,4h 25m,748
,115.0,10845,s65786,1,कणकवली,Kankavali,कनेडी,Kanedi,17.4,07:30,08:10,,,नागवे दिवा देवी,नागवे दिवा देवी,,202.70000000000002,12h 00m,9h 05m,751
,115.0,19170,s65787,2,कनेडी,Kanedi,कणकवली,Kankavali,17.4,08:20,09:00,,,दिवा देवी नागवे,दिवा देवी नागवे,,,,,752
,115.0,R83972,s65788,3,कणकवली,Kankavali,वैभववाडी,,37,10:00,11:00,NON,SUN,,,,,,,753
143,115.0,1405567,s65790,5,वैभववाडी,,करुळ भट्टीवाडी,,9,12:30,12:50,SC,SUN,करुळ,बिडवाडी,,,,,754
144,115.0,R1405567,s65791,6,करुळ भट्टीवाडी,,वैभववाडी,,9,13:00,13:20,SC,SUN,,सरळ,,,,,755
143,115.0,83316,s65792,7,वैभववाडी,,नावळे,Navale,11.4,13:30,13:55,SC,SUN,,सिंधुदुर्गनगरी,,,,,756
144,115.0,83317,s65793,8,नावळे,Navale,वैभववाडी,,11.4,14:05,14:30,SC,SUN,,,,,,,757
144,115.0,126444,s65794,9,वैभववाडी,,तरळा,,14.5,14:45,15:15,NON,SUN,,,,,,,758
144,115.0,126445,s65795,10,तरळा,,वैभववाडी,,14.5,15:30,16:00,NON,SUN,,,,,,,759
144,115.0,11252,s65796,11,वैभववाडी,,उंबर्डे,,9.1,16:15,16:35,SC,SUN,,सरळ,,,,,760
144,115.0,RA11234,s65797,12,उंबर्डे,,वैभववाडी,,15,16:45,17:25,SC,SUN,नायदे कातकरवाडी,,,,,,761
144,115.0,83972,s65798,13,वैभववाडी,,कणकवली,Kankavali,37,17:45,18:45,NON,SUN,,,,,,,762
,24.0,10845,,1,कणकवली,Kankavali,कनेडी,Kanedi,17.4,13:00,13:45,,,,नागवे दिवा देवी,16.15 ते 17.15 विश्रांती,34.8,8h 20m,6h 50m,797
,24.0,19170,,2,कनेडी,Kanedi,कणकवली,Kankavali,17.4,13:55,14:40,,,,दिवा देवी नागवे,,,,,798
